artistName,genres
Imagine Dragons,"['modern rock', 'rock']"
iLOVEFRiDAY,['viral pop']
Panic! At The Disco,"['baroque pop', 'emo', 'modern rock', 'pop punk']"
Oliver Tree,['alternative hip hop']
88rising,"['asian american hip hop', 'pop']"
bbno$,"['canadian hip hop', 'dark trap', 'vapor trap']"
atlas,['lo-fi beats']
Yung Gravy,"['meme rap', 'minnesota hip hop', 'pop rap', 'vapor trap']"
Joji,"['alternative r&b', 'viral pop']"
BROCKHAMPTON,"['boy band', 'hip hop', 'rap']"
Iamjakehill,"['dark trap', 'emo rap', 'pop rap', 'sad rap']"
Rich Brian,['indonesian hip hop']
Getter,"['brostep', 'dark trap', 'edm', 'electronic trap', 'filthstep', 'underground hip hop']"
Gus Dapperton,"['bedroom pop', 'indie pop', 'indie poptimism']"
Kevin Abstract,"['afrofuturism', 'hip hop', 'lgbtq+ hip hop', 'rap']"
Jaden,"['hip hop', 'rap']"
rei brown,"['emo rap', 'lo-fi beats', 'sad rap']"
Hobo Johnson,"['emo rap', 'sacramento hip hop']"
Samsa,['meme rap']
Josh A,"['emo rap', 'meme rap', 'sad rap']"
Verzache,['lo-fi beats']
zack villere,['bedroom pop']
Yeek,"['alternative r&b', 'indie r&b']"
Meltycanon,['lo-fi beats']
Twenty One Pilots,"['modern rock', 'rock']"
Martin Garrix,"['big room', 'edm', 'pop', 'progressive house', 'tropical house']"
Alan Walker,['electro house']
AJR,['modern rock']
OneRepublic,"['dance pop', 'piano rock', 'pop', 'pop rock']"
Clean Bandit,"['dance pop', 'edm', 'pop', 'post-teen pop', 'tropical house', 'uk dance', 'uk funky']"
MKTO,"['dance pop', 'pop', 'pop rap', 'pop rock', 'post-teen pop']"
Liam Payne,"['dance pop', 'pop', 'post-teen pop']"
Avicii,"['big room', 'dance pop', 'edm', 'pop']"
Owl City,"['modern rock', 'pop', 'pop rock', 'post-teen pop']"
The Chainsmokers,"['dance pop', 'edm', 'electropop', 'pop', 'tropical house']"
DNCE,"['dance pop', 'pop', 'pop rock', 'post-teen pop']"
EDEN,"['indie poptimism', 'modern rock', 'pop', 'pop rap']"
NateWantsToBattle,"['antiviral pop', 'otacore']"
UVERworld,"['j-pop', 'j-poprock', 'otacore']"
Anderson .Paak,['escape room']
Odd Future,"['hip hop', 'rap']"
Tay Zonday,['outsider']
Polyphia,['instrumental rock']
After The Burial,"['deathcore', 'djent', 'melodic metalcore', 'metalcore', 'minneapolis metal', 'progressive metalcore']"
6ix9ine,['emo rap']
Lil Yachty,"['atl hip hop', 'hip hop', 'melodic rap', 'rap', 'southern hip hop', 'trap']"
The Contortionist,"['alternative metal', 'deathcore', 'djent', 'melodic metalcore', 'progressive post-hardcore', 'sci-fi metal']"
Vitalism,"['brazilian progressive metal', 'djent', 'instrumental rock']"
Between The Buried And Me,"['alternative metal', 'deathcore', 'djent', 'melodic metalcore', 'north carolina metal', 'progressive metal']"
Monuments,['djent']
Chon,"['djent', 'instrumental math rock', 'instrumental rock', 'progressive jazz fusion', 'san diego indie']"
Plini,"['djent', 'instrumental math rock', 'instrumental rock', 'progressive jazz fusion']"
Intervals,"['djent', 'instrumental rock']"
Eternity Forever,['progressive post-hardcore']
TesseracT,"['djent', 'progressive metal']"
Erra,"['alabama metal', 'deep melodic metalcore', 'djent', 'melodic metalcore', 'metalcore', 'progressive metalcore']"
Aries,"['emo rap', 'pop rap', 'sad rap']"
Elohim,"['electropop', 'indie electropop', 'indie poptimism', 'indietronica', 'la pop', 'vapor soul', 'vapor twitch']"
Still Woozy,"['bedroom pop', 'indie pop', 'modern rock', 'oakland indie']"
The War On Drugs,"['indie rock', 'modern rock', 'philly indie']"
Frank Ocean,"['alternative r&b', 'hip hop', 'lgbtq+ hip hop', 'neo soul', 'pop']"
JID,"['hip hop', 'rap', 'underground hip hop']"
MF DOOM,"['alternative hip hop', 'east coast hip hop', 'hardcore hip hop', 'hip hop', 'rap']"
Aesop Rock,"['abstract hip hop', 'alternative hip hop', 'conscious hip hop', 'escape room', 'hip hop']"
Dbangz,"['meme rap', 'vapor trap']"
Terror Reid,"['dark trap', 'underground hip hop']"
"Tyler, The Creator","['hip hop', 'rap']"
Travis Scott,['rap']
ScHoolboy Q,"['gangster rap', 'hip hop', 'pop rap', 'rap', 'southern hip hop', 'trap', 'underground hip hop']"
KIDS SEE GHOSTS,"['hip hop', 'rap', 'underground hip hop']"
Vince Staples,"['conscious hip hop', 'escape room', 'hip hop', 'rap', 'southern hip hop', 'underground hip hop']"
Knowmadic,"['chillhop', 'lo-fi beats']"
Tragic Young Existence,[]
Atwood,['meme rap']
A-Kil,"['cleveland metal', 'gymcore']"
Lil Xan,"['emo rap', 'underground hip hop', 'vapor trap']"
Noah Cyrus,"['pop', 'post-teen pop']"
Diplo,"['bmore', 'edm', 'moombahton', 'ninja', 'pop']"
5 Seconds of Summer,"['boy band', 'dance pop', 'pop', 'post-teen pop']"
Pink Guy,"['comedy rap', 'comic', 'meme rap']"
ROSALÃ�A,['r&b en espanol']
Runâ€“D.M.C.,"['east coast hip hop', 'hardcore hip hop', 'hip hop', 'hip house', 'old school hip hop', 'queens hip hop', 'rap']"
Gucci Mane,"['atl hip hop', 'dirty south rap', 'hip hop', 'pop rap', 'rap', 'southern hip hop', 'trap']"
Eazy-E,"['g funk', 'gangster rap', 'hardcore hip hop', 'hip hop', 'rap', 'west coast rap']"
Mariah Carey,"['dance pop', 'pop', 'r&b', 'urban contemporary']"
DRAM,"['alternative r&b', 'electropop', 'indie r&b', 'indie soul', 'indietronica', 'vapor soul']"
Idealism,"['chillhop', 'lo-fi beats']"
Tomppabeats,"['chillhop', 'japanese chillhop', 'lo-fi beats']"
Oatmello,"['chillhop', 'lo-fi beats']"
Cookin Soul,"['spanish hip hop', 'trap latino']"
The Deli,"['chillhop', 'lo-fi beats', 'lo-fi house']"
Baraka,[]
emune,"['chillhop', 'lo-fi beats', 'phonk']"
McClenney,"['alternative r&b', 'indie r&b', 'indie soul', 'neo r&b']"
Nohidea,"['chillhop', 'lo-fi beats']"
Otesla,"['chillhop', 'jazz boom bap', 'lo-fi beats']"
Aso,"['chillhop', 'lo-fi beats']"
Joey Pecoraro,"['chillhop', 'lo-fi beats']"
eevee,"['chillhop', 'japanese chillhop', 'lo-fi beats']"
Waahiid,[]
TOSHIKI HAYASHI(%C),"['chillhop', 'japanese r&b']"
Limes,"['chillhop', 'lo-fi beats']"
baaskaT,['chillhop']
Mura Kami,['lo-fi beats']
Hue Honey,[]
[bsd.u],"['chillhop', 'japanese chillhop', 'lo-fi beats', 'phonk']"
Chance Thrash,['lo-fi beats']
Valntn,[]
Squid Ethics,[]
The 1975,"['indie pop', 'modern alternative rock', 'nu gaze', 'pop', 'rock']"
Fall Out Boy,"['emo', 'modern rock', 'pop punk']"
Drake,"['canadian hip hop', 'canadian pop', 'hip hop', 'pop rap', 'rap', 'toronto rap']"
Kesha,"['dance pop', 'electropop', 'pop', 'post-teen pop']"
Viktor Vaughn,"['alternative hip hop', 'hardcore hip hop', 'hip hop']"
Keala Settle,"['broadway', 'hollywood', 'show tunes']"
Pitbull,"['dance pop', 'latin', 'miami hip hop', 'pop', 'pop rap']"
Iggy Azalea,"['australian hip hop', 'dance pop', 'hip pop', 'pop', 'pop rap', 'post-teen pop']"
Iggy Pop,"['alternative rock', 'classic rock', 'dance rock', 'glam rock', 'new wave', 'permanent wave', 'post-punk', 'protopunk', 'punk', 'rock']"
Daniel Caesar,"['canadian contemporary r&b', 'pop']"
Kali Uchis,"['colombian pop', 'pop']"
Substantial,['ambeat']
Chance the Rapper,"['chicago rap', 'conscious hip hop', 'hip hop', 'pop rap', 'rap']"
AminÃ©,['shaabi']
H.E.R.,['pop']
ItaloBrothers,"['dance pop', 'edm', 'europop', 'hands up', 'italo dance']"
Omar Apollo,"['alternative r&b', 'bedroom pop', 'bedroom soul', 'indie r&b', 'pop']"
Rex Orange County,"['bedroom pop', 'indie r&b', 'pop']"
Porter Robinson,"['big room', 'brostep', 'complextro', 'edm', 'electro house', 'moombahton', 'progressive electro house']"
My Chemical Romance,"['emo', 'modern rock', 'pop punk']"
potsu,"['chillhop', 'japanese chillhop', 'lo-fi beats']"
Jukebox The Ghost,"['indie pop', 'indie poptimism', 'indiecoustica', 'indietronica', 'modern alternative rock', 'modern rock', 'piano rock', 'pop rock', 'stomp and holler']"
Future,"['atl hip hop', 'pop rap', 'rap', 'southern hip hop', 'trap']"
Three Days Grace,"['alternative metal', 'canadian metal', 'canadian rock', 'nu metal', 'pop punk', 'post-grunge']"
XXXTENTACION,"['emo rap', 'miami hip hop']"
Shawn Mendes,"['canadian pop', 'dance pop', 'pop', 'post-teen pop', 'viral pop']"
Gerard Way,['modern rock']
Lil Peep,"['emo rap', 'lgbtq+ hip hop']"
Pink Floyd,"['album rock', 'art rock', 'classic rock', 'progressive rock', 'psychedelic rock', 'rock', 'symphonic rock']"
Juice WRLD,"['chicago rap', 'melodic rap']"
6LACK,"['alternative r&b', 'atl hip hop', 'hip hop', 'melodic rap', 'pop rap', 'rap', 'trap']"
Ski Mask The Slump God,"['miami hip hop', 'rap', 'underground hip hop']"
Flipp Dinero,"['hip hop', 'melodic rap', 'pop rap', 'rap', 'southern hip hop', 'trap', 'vapor trap']"
Comethazine,"['meme rap', 'rap', 'trap', 'underground hip hop', 'vapor trap']"
6 Dogs,"['dark trap', 'emo rap', 'melodic rap', 'underground hip hop', 'vapor trap']"
Paris Shadows,"['emo rap', 'melodic rap', 'sad rap', 'underground hip hop']"
Lil Skies,"['melodic rap', 'pop rap', 'rap', 'trap']"
Trippie Redd,"['melodic rap', 'rap', 'trap']"
NAV,"['canadian hip hop', 'melodic rap', 'pop rap', 'rap', 'toronto rap', 'trap']"
Denzel Curry,"['dark trap', 'drill', 'hip hop', 'miami hip hop', 'rap', 'underground hip hop']"
Ronny J,"['melodic rap', 'miami hip hop', 'underground hip hop', 'vapor trap']"
BlocBoy JB,"['rap', 'southern hip hop', 'tennessee hip hop', 'trap', 'vapor trap']"
A Boogie Wit da Hoodie,"['melodic rap', 'pop rap', 'rap']"
Lil Uzi Vert,"['melodic rap', 'philly rap', 'rap']"
Famous Dex,"['chicago rap', 'drill', 'hip hop', 'pop rap', 'rap', 'southern hip hop', 'trap', 'underground hip hop', 'vapor trap']"
Bass Santana,"['dark trap', 'miami hip hop', 'underground hip hop', 'vapor trap']"
Bring Me The Horizon,"['melodic metalcore', 'metalcore', 'uk metalcore']"
Unique The Artist,[]
Julian Casablancas,"['indie rock', 'modern rock']"
benny blanco,"['pop', 'pop rap']"
Calvin Harris,"['dance pop', 'edm', 'electro house', 'house', 'pop', 'progressive house', 'tropical house', 'uk dance']"
Raleigh Ritchie,['uk contemporary r&b']
Manwolves,['bedroom soul']
TiRon & Ayomari,['soul flow']
Remo Drive,"['alternative emo', 'indie garage rock', 'indie punk', 'indie rock']"
Linkin Park,"['alternative metal', 'nu metal', 'post-grunge', 'rap metal']"
Childish Gambino,"['atl hip hop', 'hip hop', 'pop rap', 'rap']"
Lil Baby,"['atl hip hop', 'atl trap', 'rap']"
Cascada,"['bubblegum dance', 'dance pop', 'eurodance', 'europop', 'german techno', 'melbourne bounce international', 'pop rap']"
Icona Pop,"['candy pop', 'dance pop', 'electropop', 'metropopolis', 'pop', 'swedish electropop', 'swedish synthpop']"
LMFAO,"['dance pop', 'edm', 'pop', 'pop rap']"
Jason Derulo,"['dance pop', 'pop', 'pop rap', 'post-teen pop']"
SOPHIE,"['bedroom soul', 'lo-fi beats']"
Matinee,['bedroom soul']
Iyaz,"['dance pop', 'pop rap', 'post-teen pop']"
Lady Gaga,"['dance pop', 'pop']"
Rihanna,"['barbadian pop', 'dance pop', 'pop', 'post-teen pop', 'r&b', 'urban contemporary']"
The Black Keys,"['alternative rock', 'blues rock', 'garage rock', 'modern blues rock', 'modern rock', 'punk blues', 'rock']"
David Guetta,"['dance pop', 'edm', 'pop']"
Britney Spears,"['dance pop', 'pop', 'pop rap', 'post-teen pop']"
The Black Eyed Peas,[]
OutKast,"['atl hip hop', 'dirty south rap', 'hip hop', 'rap', 'southern hip hop']"
3OH!3,"['dance pop', 'electropowerpop', 'pop', 'pop punk', 'pop rap', 'post-teen pop']"
Carly Rae Jepsen,"['canadian pop', 'dance pop', 'electropop', 'indie poptimism', 'pop', 'post-teen pop']"
B.o.B,"['atl hip hop', 'dance pop', 'hip hop', 'pop', 'pop rap', 'rap', 'southern hip hop']"
Travie McCoy,"['dance pop', 'pop rap']"
Cobra Starship,"['dance pop', 'neon pop punk', 'pop punk', 'post-teen pop']"
Kanye West,"['chicago rap', 'rap']"
Fergie,"['dance pop', 'pop', 'post-teen pop', 'urban contemporary']"
Maroon 5,"['pop', 'pop rock']"
Bruno Mars,"['dance pop', 'pop', 'post-teen pop']"
Post Malone,"['dfw rap', 'melodic rap', 'rap']"
Isaac Lewis,['bedroom soul']
Jon Fratelli,"['garage rock revival', 'stomp and whittle']"
Braxton Cook,"['alternative r&b', 'indie jazz', 'indie r&b', 'indie soul', 'neo r&b']"
Flyleaf,"['alternative metal', 'christian alternative rock', 'christian rock', 'nu metal', 'pop emo', 'pop punk', 'post-grunge']"
khai dreams,"['indie pop', 'pop']"
boy pablo,"['bedroom pop', 'bergen indie', 'indie pop', 'norwegian indie']"
Blai$y,"['emo rap', 'sad rap']"
Roy Blair,"['bedroom pop', 'indie pop', 'modern rock']"
Dumbfoundead,"['asian american hip hop', 'battle rap', 'k-rap']"
Kodak Black,"['florida rap', 'hip hop', 'melodic rap', 'miami hip hop', 'rap', 'southern hip hop', 'trap']"
Bing Crosby,"['adult standards', 'easy listening', 'lounge', 'vocal jazz']"
Kawfee,['lo-fi beats']
Kyo Itachi,['ambeat']
BluntOne,"['chillhop', 'lo-fi beats']"
Gus Glasser,[]
weird inside,"['chillhop', 'lo-fi beats', 'vapor twitch']"
Flamingosis,"['chillhop', 'future funk']"
B0nds,[]
mt. fujitive,"['chillhop', 'lo-fi beats']"
Pete Rock,"['alternative hip hop', 'east coast hip hop', 'gangster rap', 'hardcore hip hop', 'hip hop', 'jazz boom bap', 'jazz rap', 'turntablism']"
Mujo,"['chillhop', 'japanese chillhop', 'lo-fi beats']"
Brenky,"['chillhop', 'lo-fi beats']"
Wun Two,"['chillhop', 'lo-fi beats']"
Ikane C.,[]
Manny,"['latin christian', 'latin worship', 'rap cristiano']"
SwuM,"['chillhop', 'lo-fi beats']"
Arbour,"['chillhop', 'lo-fi beats']"
Sugar Cane Davis,[]
Monma,"['chillhop', 'lo-fi beats']"
o k h o,"['chillhop', 'lo-fi beats', 'phonk']"
Jinsang,"['chillhop', 'japanese chillhop', 'korean r&b', 'lo-fi beats']"
halberd,"['chillhop', 'lo-fi beats']"
Toonorth,"['chillhop', 'lo-fi beats']"
fantompower,"['chillhop', 'lo-fi beats']"
Maple Syrup,['chillhop']
Flughand,"['chillhop', 'lo-fi beats']"
Sky.High,['lo-fi beats']
Made in M,"['chillhop', 'lo-fi beats']"
H E R B,"['chillhop', 'lo-fi beats']"
Sweeps,['chillhop']
santpoort,"['chillhop', 'lo-fi beats']"
Two Sleepy,['lo-fi beats']
Joe Corfield,"['chillhop', 'jazz boom bap', 'lo-fi beats']"
C Y G N,"['chillhop', 'lo-fi beats']"
Dil Withers,[]
Kassandra,['melodipop']
Flovry,['lo-fi beats']
Bassti,"['chillhop', 'lo-fi beats']"
Tesk,"['chillhop', 'lo-fi beats']"
Saiko,['chilean rock']
Phoniks,"['chillhop', 'jazz rap']"
GlobulDub,['chillhop']
Ajmw,"['chillhop', 'lo-fi beats']"
eli filosov [ p h i l o ],['lo-fi beats']
Kendall Miles,"['chillhop', 'lo-fi beats']"
Vhsceral,['chillhop']
WISDOM,"['beatdown', 'hardcore', 'pennsylvania hardcore', 'straight edge']"
invention_,"['chillhop', 'lo-fi beats']"
Roberto Echo,['jazz boom bap']
Misc.Inc,"['chillhop', 'lo-fi beats']"
Sleepdealer,"['chillhop', 'lo-fi beats']"
Ruel,"['australian alternative pop', 'pop', 'post-teen pop']"
The Prince Karma,['house']
Benny Benassi,"['disco house', 'edm', 'electro house']"
Janet Jackson,"['dance pop', 'hip pop', 'neo soul', 'new jack swing', 'pop', 'r&b', 'urban contemporary']"
Chief Keef,"['chicago drill', 'chicago rap', 'drill', 'hip hop', 'pop rap', 'rap', 'southern hip hop', 'trap', 'underground hip hop', 'vapor trap']"
Yung Lean,"['emo rap', 'psychedelic hip hop', 'underground hip hop']"
Evil Needle,"['chillhop', 'vapor twitch']"
chief.,"['chicago drill', 'chicago rap', 'drill', 'hip hop', 'pop rap', 'rap', 'southern hip hop', 'trap', 'underground hip hop', 'vapor trap']"
Bertholet,"['chillhop', 'lo-fi beats']"
Philanthrope,"['chillhop', 'lo-fi beats']"
Raging Moses,[]
Leavv,"['chillhop', 'lo-fi beats']"
BLVTH,"['german cloud rap', 'indie deutschrap']"
Erick the Architect,['underground hip hop']
Knxwledge,"['abstract beats', 'alternative hip hop', 'alternative r&b', 'hip hop', 'indie r&b', 'indie soul', 'underground hip hop', 'wonky']"
McCoy Tyner,"['avant-garde jazz', 'bebop', 'contemporary jazz', 'contemporary post-bop', 'cool jazz', 'free jazz', 'hard bop', 'jazz', 'jazz fusion', 'jazz piano', 'soul jazz', 'stride']"
Rook1e,"['chillhop', 'lo-fi beats', 'lo-fi chill']"
Slim.,['trap']
Ozoyo,['turkish electronic']
Walterwarm,"['chillhop', 'lo-fi beats']"
Moo Latte,['lo-fi beats']
Epifania,"['lo-fi beats', 'lo-fi brasileiro']"
Minthaze,"['chillhop', 'jazz boom bap', 'lo-fi beats']"
Burbank,['lo-fi beats']
jhfly,"['chillhop', 'lo-fi beats']"
Mndsgn,"['abstract beats', 'alternative hip hop', 'alternative r&b', 'chillhop', 'indie jazz', 'indie soul', 'synth funk', 'vapor twitch', 'wonky']"
Lester Nowhere,"['chillhop', 'lo-fi beats']"
Lungfulls,"['chillhop', 'lo-fi house']"
TreeHouse 707,[]
Nymano,"['chillhop', 'lo-fi beats']"
Brock Berrigan,['chillhop']
Flying Lotus,"['afrofuturism', 'alternative hip hop', 'electronica', 'escape room', 'experimental hip hop', 'glitch', 'glitch hop', 'hip hop', 'intelligent dance music', 'jazztronica', 'psychedelic hip hop', 'wonky']"
Killer Bee,[]
aimless,"['chillhop', 'lo-fi beats']"
Hydrogenii,"['chillhop', 'jazz boom bap']"
GwaiLow,[]
twuan,"['chillhop', 'lo-fi beats']"
omniboi,"['future bass', 'future funk']"
Saib,"['chillhop', 'japanese chillhop', 'lo-fi beats']"
VIK,['classical piano']
Comodo,[]
Dream Koala,['indie dream pop']
Smika,[]
Smuv,"['chillhop', 'lo-fi beats']"
ProducerTrentTaylor,[]
"quickly, quickly","['chillhop', 'lo-fi beats', 'portland hip hop', 'vapor twitch']"
Bluedoom,['lo-fi beats']
HM Surf,"['chillhop', 'lo-fi beats']"
Chris Anderson,[]
Chris Mazuera,['lo-fi beats']
Bodikhuu,"['mongolian hip hop', 'mongolian pop']"
Seneca B,['lo-fi beats']
mommy,"['chillhop', 'lo-fi beats']"
Mono:Massive,"['chillhop', 'jazz boom bap', 'lo-fi beats']"
Jazzinuf,"['chillhop', 'lo-fi beats']"
Cloudchord,"['chillhop', 'lo-fi beats']"
Slumberville,['lo-fi beats']
Allmos,[]
leaf beach,"['chillhop', 'jazz boom bap', 'lo-fi beats']"
Ian Ewing,"['chillhop', 'lo-fi beats']"
Dweeb,"['chillhop', 'lo-fi beats']"
Dirty Art Club,"['charlotte nc indie', 'chillhop', 'wonky']"
Twit One,"['chillhop', 'indie deutschrap', 'jazz boom bap']"
luvwn,[]
Smeyeul.,"['chillhop', 'lo-fi beats']"
Rae Sremmurd,"['hip hop', 'melodic rap', 'mississippi hip hop', 'pop rap', 'rap', 'southern hip hop', 'trap']"
Migos,"['atl hip hop', 'hip hop', 'pop rap', 'rap', 'southern hip hop', 'trap']"
Yung Bans,"['rap', 'southern hip hop', 'trap', 'underground hip hop', 'vapor trap']"
Playboi Carti,"['atl hip hop', 'hip hop', 'rap', 'trap', 'underground hip hop']"
YBN Nahmir,"['alabama rap', 'rap', 'southern hip hop', 'trap', 'underground hip hop', 'vapor trap']"
Kap G,"['atl hip hop', 'chicano rap', 'melodic rap', 'trap', 'vapor trap']"
Nebu Kiniza,"['melodic rap', 'trap', 'underground hip hop', 'vapor trap']"
YBN Almighty Jay,"['trap', 'vapor trap']"
Valee,"['chicago rap', 'underground hip hop', 'vapor trap']"
Sticky Fingers,"['australian reggae fusion', 'reggae fusion']"
Bryson Tiller,"['kentucky hip hop', 'pop', 'pop rap', 'r&b', 'rap', 'trap', 'urban contemporary']"
Jazmine Sullivan,"['alternative r&b', 'dance pop', 'deep pop r&b', 'hip pop', 'indie r&b', 'neo soul', 'pop', 'pop rap', 'r&b', 'urban contemporary']"
Kygo,"['edm', 'pop', 'tropical house']"
halfâ€¢alive,"['indie pop', 'modern alternative rock', 'modern rock', 'rock']"
The Script,"['celtic rock', 'dance pop', 'neo mellow', 'pop', 'pop rock', 'post-teen pop', 'viral pop']"
Bastille,"['metropopolis', 'modern rock', 'pop', 'pop rock']"
Kodaline,"['irish pop', 'modern rock', 'pop', 'pop rock']"
COIN,"['indie pop', 'indie poptimism', 'indietronica', 'modern alternative rock', 'modern rock', 'pop']"
The Fray,"['modern rock', 'neo mellow', 'piano rock', 'pop', 'pop rock']"
Ricky Montgomery,"['indie pop', 'la indie']"
X Ambassadors,"['modern alternative rock', 'modern rock', 'pop', 'pop rock', 'rock', 'stomp pop']"
Wild Party,"['hopebeat', 'indie pop', 'indie poptimism', 'indie rockism', 'modern alternative rock', 'modern rock']"
Sloppy Toaster,[]
Ceramic Animal,"['indie garage rock', 'neo-psychedelic']"
The Grinns,"['indie garage rock', 'socal indie']"
Zedd,"['complextro', 'dance pop', 'edm', 'electro house', 'electropop', 'german techno', 'pop', 'post-teen pop', 'tropical house']"
Whethan,"['edm', 'electropop', 'indie pop', 'indie poptimism', 'indietronica', 'modern rock', 'pop', 'tropical house', 'vapor soul']"
Lauv,"['pop', 'post-teen pop']"
Madison Beer,"['dance pop', 'pop', 'post-teen pop']"
Action Bronson,"['alternative hip hop', 'east coast hip hop', 'escape room', 'hip hop', 'nyc rap', 'queens hip hop', 'rap', 'southern hip hop', 'underground hip hop']"
Rejjie Snow,"['hip hop', 'irish hip hop', 'rap']"
Cheat Codes,"['dance pop', 'edm', 'electro house', 'electropop', 'pop', 'pop edm', 'pop rap', 'post-teen pop', 'tropical house']"
Fetty Wap,"['new jersey rap', 'pop rap', 'rap', 'southern hip hop', 'trap']"
A$AP Rocky,"['east coast hip hop', 'hip hop', 'pop rap', 'rap', 'southern hip hop', 'trap']"
J. Cole,"['conscious hip hop', 'hip hop', 'north carolina hip hop', 'rap']"
Tyga,"['dance pop', 'hip hop', 'pop rap', 'rap', 'trap']"
Rob Cantor,[]
Juan Rios,"['chillhop', 'lo-fi beats']"
Ameba,['lo-fi beats']
David Chief,[]
Thelonious Martin,[]
Ckwnce,['lo-fi beats']
Ricky Marano,[]
Harris Cole,"['chillhop', 'lo-fi beats']"
Kuranes,"['chillhop', 'lo-fi beats']"
TiMT,"['contemporary country', 'country', 'country road']"
wÃ¼sh,[]
Oddfish,[]
Sofasound,"['chillhop', 'lo-fi beats']"
Kazam,"['chillhop', 'lo-fi beats']"
Keem the Cipher,"['chillhop', 'lo-fi beats']"
Estugarda,"['chillhop', 'lo-fi beats']"
RudeManners,['lo-fi beats']
oxela,[]
CrÃ¡neo,['trap espanol']
Samwise,['lo-fi beats']
Lo'fi Boy,"['lo-fi beats', 'lo-fi chill']"
Pandrezz,"['chillhop', 'lo-fi beats']"
In Love With a Ghost,"['kawaii future bass', 'lo-fi beats']"
Dibia$E,"['abstract beats', 'alternative hip hop', 'chillhop', 'jazz boom bap', 'wonky']"
Cowode,[]
illiterate,"['chillhop', 'lo-fi beats']"
Slipknot,"['alternative metal', 'double drumming', 'nu metal', 'rap metal']"
Mac Miller,"['hip hop', 'pittsburgh rap', 'rap']"
Saba,"['chicago rap', 'hip hop', 'rap', 'underground hip hop']"
Bas,"['metropopolis', 'modern rock', 'pop', 'pop rock']"
Smino,"['alternative r&b', 'hip hop', 'rap', 'underground hip hop']"
Incubus,"['alternative metal', 'alternative rock', 'funk metal', 'funk rock', 'modern rock', 'nu metal', 'pop rock', 'post-grunge', 'rock']"
Kendrick Lamar,"['conscious hip hop', 'hip hop', 'rap', 'west coast rap']"
Tony Molina,"['indie punk', 'modern folk rock', 'modern power pop']"
311,"['alternative metal', 'alternative rock', 'funk metal', 'funk rock', 'nu metal', 'pop rock', 'rap rock', 'reggae fusion', 'rock']"
Weezer,"['alternative rock', 'modern power pop', 'modern rock', 'permanent wave', 'pop punk', 'pop rock', 'rock']"
Nine Inch Nails,"['alternative metal', 'alternative rock', 'cyberpunk', 'electronic rock', 'industrial', 'industrial metal', 'industrial rock', 'nu metal', 'rock']"
Third Eye Blind,"['alternative rock', 'neo mellow', 'pop punk', 'pop rock', 'post-grunge', 'rock']"
Hoobastank,"['alternative metal', 'funk metal', 'nu metal', 'pop punk', 'pop rock', 'post-grunge']"
Papa Roach,"['alternative metal', 'nu metal', 'pop punk', 'rap metal', 'rap rock']"
Puscifer,"['alternative metal', 'alternative rock', 'industrial metal', 'industrial rock', 'nu metal']"
Minus the Bear,"['dance-punk', 'dreamo', 'emo', 'indie rock', 'modern rock', 'progressive post-hardcore', 'screamo']"
Seether,"['alternative metal', 'nu metal', 'post-grunge', 'south african rock']"
Vertical Horizon,"['neo mellow', 'pop rock', 'post-grunge']"
Chong the Nomad,['seattle indie']
Queens of the Stone Age,"['alternative metal', 'alternative rock', 'blues rock', 'modern rock', 'nu metal', 'palm desert scene', 'rock', 'stoner metal', 'stoner rock']"
The Smashing Pumpkins,"['alternative metal', 'alternative rock', 'grunge', 'modern rock', 'permanent wave', 'pop rock', 'rock']"
A Perfect Circle,"['alternative metal', 'alternative rock', 'modern rock', 'nu metal', 'rap rock', 'rock', 'supergroup']"
Foo Fighters,"['alternative metal', 'alternative rock', 'modern rock', 'permanent wave', 'post-grunge', 'rock']"
Chevelle,"['alternative metal', 'alternative rock', 'christian rock', 'modern rock', 'nu metal', 'post-grunge', 'rap rock', 'rock']"
Swit Beats,[]
Grim Delarosa,['beats']
Grant,"['bass trap', 'edm', 'future bass', 'gaming edm', 'pop edm']"
Hunee,['deep soul house']
tricot,"['japanese math rock', 'japanese post-rock']"
eery,"['chillhop', 'lo-fi beats']"
Khalid,"['alternative r&b', 'pop']"
Strawberry Girls,['progressive post-hardcore']
All My Alien Sex Friends,[]
Earl Sweatshirt,"['alternative hip hop', 'escape room', 'experimental hip hop', 'hip hop', 'rap', 'underground hip hop']"
Rega,"['edm', 'pop', 'pop edm', 'tropical house']"
Daft Punk,"['electro', 'filter house']"
Empire of the Sun,"['alternative dance', 'australian dance', 'australian electropop', 'electropop', 'indie pop', 'indietronica', 'neo-synthpop', 'new rave', 'pop']"
Marshmello,"['brostep', 'pop', 'progressive electro house']"
Deftones,"['alternative metal', 'alternative rock', 'nu metal', 'rap metal', 'rock', 'sacramento indie']"
Alice In Chains,"['alternative metal', 'alternative rock', 'grunge', 'hard rock', 'nu metal', 'rock']"
10 Years,"['alternative metal', 'christian rock', 'nu metal', 'post-grunge', 'rap rock']"
Rage Against The Machine,"['alternative metal', 'alternative rock', 'conscious hip hop', 'funk metal', 'nu metal', 'political hip hop', 'rap metal', 'rap rock', 'rock']"
Psalm Trees,"['chillhop', 'lo-fi beats']"
AK420,"['chillhop', 'jazz boom bap']"
goosetaf,['lo-fi beats']
Death Cab for Cutie,"['indie pop', 'indie rock', 'modern rock', 'pop rock', 'washington indie']"
Soundgarden,"['alternative metal', 'alternative rock', 'grunge', 'hard rock', 'modern rock', 'nu metal', 'rock']"
Snow Patrol,"['irish rock', 'modern rock', 'neo mellow', 'permanent wave', 'pop rock', 'rock']"
The Wombats,"['indie pop', 'liverpool indie', 'modern alternative rock', 'modern rock', 'rock']"
Two Door Cinema Club,"['indie pop', 'irish rock', 'modern alternative rock', 'modern rock', 'northern irish indie', 'rock']"
Blossoms,"['english indie rock', 'modern rock', 'rock']"
The Hoosiers,['modern rock']
The Story So Far,"['alternative emo', 'anthem emo', 'emo', 'pop punk']"
Paramore,"['candy pop', 'emo', 'pixie', 'pop emo', 'pop punk']"
We The Kings,"['neon pop punk', 'piano rock', 'pop punk', 'pop rock', 'post-teen pop']"
Anarbor,"['modern rock', 'neon pop punk', 'pop emo', 'pop punk']"
The Maine,"['emo', 'modern alternative rock', 'modern rock', 'neon pop punk', 'pop emo', 'pop punk', 'pop rock', 'tempe indie']"
The Fratellis,"['garage rock', 'modern rock', 'rock', 'scottish rock']"
The xx,"['downtempo', 'dream pop', 'indietronica']"
offonoff,[]
moow,"['indie pop', 'indie poptimism', 'indietronica', 'modern alternative rock', 'modern rock', 'pop rock', 'stomp and holler']"
Jakey,['meme rap']
sagun,"['lo-fi beats', 'lo-fi chill']"
Sarcastic Sounds,"['lo-fi beats', 'lo-fi chill']"
Peachy!,"['indie pop', 'lo-fi beats']"
Timmies,['lo-fi chill']
sophie meiers,"['bedroom soul', 'lo-fi beats']"
AL-X The Great,['meme rap']
Elijah Who,['lo-fi beats']
Vague003,"['boston hip hop', 'lo-fi beats']"
Zach Farache,['lo-fi beats']
Keaton Henson,"['ambient folk', 'british singer-songwriter', 'chamber pop', 'indie folk']"
Bon Iver,"['eau claire indie', 'indie folk', 'melancholia']"
Gianluca Grignani,"['classic italian pop', 'italian pop', 'mexican pop']"
Vallis Alps,"['australian indie', 'electropop', 'indietronica', 'vapor soul']"
Brand New,"['emo', 'pop punk', 'screamo']"
The Smiths,"['dance rock', 'madchester', 'new wave', 'permanent wave', 'rock', 'uk post-punk']"
RKCB,"['alternative r&b', 'electropop', 'indie electropop', 'indie poptimism', 'indie r&b', 'indietronica', 'vapor soul', 'vapor twitch']"
Billie Marten,"['british singer-songwriter', 'indie anthem-folk', 'indie folk']"
Penny and Sparrow,"['acoustic pop', 'indie anthem-folk', 'indie cafe pop', 'indie folk', 'indiecoustica', 'new americana', 'stomp and holler']"
Phoebe Bridgers,"['art pop', 'indie folk', 'indie pop', 'indie rock']"
City Girl,"['pop', 'scam rap', 'trap queen']"
Barnes Blvd.,"['chillhop', 'lo-fi beats']"
Nick Wilson,"['indie anthem-folk', 'indie cafe pop', 'indiecoustica']"
Shag Rock,['australian reggae fusion']
Wet,"['brooklyn indie', 'electropop', 'indie electropop', 'indie pop', 'indie poptimism', 'indietronica', 'nyc pop', 'pop', 'vapor soul']"
Manchester Orchestra,"['dreamo', 'indie rock', 'modern rock']"
Copeland,"['chamber pop', 'dreamo', 'emo', 'piano rock']"
Chase Atlantic,"['modern rock', 'pop']"
The Mountain Goats,"['alternative rock', 'anti-folk', 'chamber pop', 'freak folk', 'indie folk', 'indie pop', 'indie rock', 'lo-fi', 'melancholia', 'new weird america', 'stomp and holler']"
Cuco,"['bedroom pop', 'dream pop']"
killedmyself,"['emo rap', 'lo-fi beats', 'lo-fi chill', 'sad rap']"
Jordan Maxwell,['lo-fi beats']
guardin,"['dark trap', 'emo rap', 'pop rap', 'sad rap']"
Jeremy Zucker,['pop']
Lund,"['emo rap', 'modern rock', 'pop rap', 'sad rap']"
Jon Bellion,['pop rap']
Goody Grace,"['emo rap', 'pop rap']"
Talib Kweli,"['alternative hip hop', 'conscious hip hop', 'east coast hip hop', 'hardcore hip hop', 'hip hop', 'southern hip hop']"
Mos Def,"['alternative hip hop', 'conscious hip hop', 'east coast hip hop', 'gangster rap', 'hardcore hip hop', 'hip hop', 'rap', 'southern hip hop']"
"Royce Da 5'9""","['alternative hip hop', 'detroit hip hop', 'gangster rap', 'hardcore hip hop', 'hip hop', 'pop rap', 'rap', 'southern hip hop']"
A Tribe Called Quest,"['alternative hip hop', 'conscious hip hop', 'east coast hip hop', 'gangster rap', 'hardcore hip hop', 'hip hop', 'jazz rap', 'queens hip hop', 'rap']"
Madvillain,"['alternative hip hop', 'hip hop', 'psychedelic hip hop', 'rap']"
J Dilla,"['alternative hip hop', 'detroit hip hop', 'hip hop']"
The Pharcyde,"['alternative hip hop', 'hardcore hip hop', 'hip hop', 'jazz rap', 'rap', 'west coast rap']"
Slick Rick,"['alternative hip hop', 'bronx hip hop', 'east coast hip hop', 'gangster rap', 'hardcore hip hop', 'hip hop', 'old school hip hop', 'rap', 'southern hip hop']"
Digable Planets,"['afrofuturism', 'alternative hip hop', 'east coast hip hop', 'hardcore hip hop', 'hip hop', 'jazz rap', 'psychedelic hip hop', 'rap']"
Common,"['alternative hip hop', 'chicago rap', 'conscious hip hop', 'gangster rap', 'hardcore hip hop', 'hip hop', 'neo soul', 'political hip hop', 'rap', 'southern hip hop']"
M83,"['french shoegaze', 'french synthpop', 'metropopolis', 'neo-synthpop']"
Grouplove,"['indie pop', 'indie rock', 'la indie', 'modern alternative rock', 'modern rock', 'pop rock', 'rock', 'stomp and holler']"
Passion Pit,"['alternative dance', 'indie pop', 'indie rock', 'indietronica', 'modern rock', 'shimmer pop']"
White Lies,"['alternative dance', 'dance-punk', 'indie rock', 'indietronica', 'modern rock', 'new rave', 'rock']"
Local Natives,"['electropop', 'indie folk', 'indie pop', 'indie rock', 'la indie', 'modern rock', 'rock', 'shimmer pop', 'stomp and holler', 'vapor soul']"
Washed Out,"['alternative dance', 'chillwave', 'indie pop', 'indie rock', 'indietronica', 'neo-synthpop', 'new rave', 'nu gaze', 'shimmer pop']"
St. Lucia,"['alternative dance', 'chillwave', 'electropop', 'indie pop', 'indie poptimism', 'indietronica', 'metropopolis', 'modern alternative rock', 'modern rock', 'neo-synthpop', 'nyc pop', 'shimmer pop', 'vapor soul']"
Beach House,"['art pop', 'baltimore indie', 'chillwave', 'dream pop', 'freak folk', 'indie pop', 'indie rock', 'indietronica', 'modern dream pop']"
Cults,"['alternative dance', 'chillwave', 'experimental pop', 'indie pop', 'indie rock', 'indie surf', 'indietronica', 'nu gaze', 'shimmer pop']"
CHVRCHES,"['electropop', 'indie pop', 'indietronica', 'metropopolis', 'neo-synthpop', 'shimmer pop']"
Justice,"['alternative dance', 'dance-punk', 'disco house', 'electro house', 'electronica', 'filter house', 'indietronica', 'new rave']"
Phantogram,"['alternative dance', 'chillwave', 'electropop', 'indie pop', 'indie rock', 'indietronica', 'metropopolis', 'modern rock', 'shimmer pop', 'vapor soul']"
Jessie J,"['dance pop', 'pop', 'pop rap', 'post-teen pop']"
The Naked And Famous,"['alternative dance', 'auckland indie', 'indie pop', 'indie rock', 'indietronica', 'kiwi rock', 'metropopolis', 'modern rock', 'shimmer pop']"
Tame Impala,"['australian psych', 'neo-psychedelic']"
Soulja Boy,"['atl hip hop', 'dance pop', 'dirty south rap', 'pop rap', 'rap', 'southern hip hop', 'trap']"
Eminem,"['detroit hip hop', 'hip hop', 'rap']"
Lil Jon,"['atl hip hop', 'crunk', 'dance pop', 'dirty south rap', 'pop rap', 'southern hip hop']"
W&W,"['big room', 'deep big room', 'dutch trance', 'edm', 'electro house', 'progressive electro house', 'progressive house', 'trance']"
Youngbloodz,"['atl hip hop', 'crunk', 'dirty south rap', 'gangster rap', 'pop rap', 'rap', 'southern hip hop']"
Usher,"['atl hip hop', 'dance pop', 'pop', 'r&b', 'south carolina hip hop', 'urban contemporary']"
PSY,"['k-pop', 'k-rap']"
Martin Solveig,"['dance pop', 'disco house', 'edm', 'electro house', 'filter house', 'house', 'pop', 'tropical house', 'vocal house']"
Tujamo,"['big room', 'dance pop', 'deep big room', 'edm', 'electro house', 'progressive electro house', 'tropical house']"
Aquilo,"['indie anthem-folk', 'indie cafe pop', 'vapor soul']"
Lifehouse,"['alternative metal', 'neo mellow', 'pop rock', 'post-grunge']"
Deorro,"['big room', 'dance pop', 'edm', 'electro house', 'melbourne bounce', 'melbourne bounce international', 'pop', 'progressive electro house']"
Modest Mouse,"['alternative rock', 'double drumming', 'indie pop', 'indie rock', 'modern rock', 'rock', 'washington indie']"
Plain White T's,"['neo mellow', 'pop', 'pop punk', 'pop rock']"
Pretty Lights,"['edm', 'glitch hop', 'jam band', 'jazztronica', 'livetronica']"
Pretty Vicious,"['english indie rock', 'modern alternative rock', 'modern rock', 'welsh indie']"
Dada Life,"['big room', 'complextro', 'dance pop', 'deep big room', 'edm', 'electro house', 'progressive electro house', 'progressive house']"
Ariana Grande,"['dance pop', 'pop', 'post-teen pop']"
DJ Snake,"['dance pop', 'edm', 'electronic trap', 'pop', 'pop rap']"
The Beatles,"['beatlesque', 'british invasion', 'classic rock', 'merseybeat', 'psychedelic rock', 'rock']"
Noah Kahan,"['neo mellow', 'pop', 'pop rock']"
Electric Light Orchestra,"['album rock', 'art rock', 'beatlesque', 'bow pop', 'classic rock', 'folk rock', 'glam rock', 'mellow gold', 'rock', 'soft rock', 'symphonic rock']"
Dr. Hook,"['bubblegum pop', 'classic rock', 'country rock', 'folk rock', 'mellow gold', 'soft rock']"
Eden Project,[]
cÃ¸zybÃ¸y,
Olivver the Kid,"['hopebeat', 'indie poptimism', 'indietronica', 'la pop']"
DYSN,[]
Koda,"['florida rap', 'hip hop', 'melodic rap', 'miami hip hop', 'rap', 'southern hip hop', 'trap']"
Dabin,"['canadian electronic', 'chillstep', 'edm', 'future bass', 'melodic dubstep', 'pop edm']"
Kavv,"['chillhop', 'lo-fi beats']"
Green Assassin Dollar,"['chillhop', 'lo-fi beats']"
Psymun,"['experimental hip hop', 'minnesota hip hop']"
Knowsum,"['chillhop', 'indie deutschrap', 'jazz boom bap']"
Jaeden Camstra,"['chillhop', 'lo-fi beats']"
oofoe,"['chillhop', 'lo-fi beats']"
A.Klee,[]
Ã˜DYSSEE,
Murky,[]
Ol' Burger Beats,"['chillhop', 'jazz boom bap', 'lo-fi beats']"
Snaer.,"['chillhop', 'lo-fi beats']"
Frame,[]
Flavors,"['chillhop', 'lo-fi beats']"
Stan Forebee,"['chillhop', 'jazz boom bap', 'lo-fi beats']"
SAKIMA,['strut']
Bokki,['lo-fi beats']
mxmtoon,"['bedroom pop', 'indie pop', 'pop']"
Logic,"['conscious hip hop', 'dmv rap', 'hip hop', 'pop rap', 'rap']"
Damien Rice,"['acoustic pop', 'irish rock', 'irish singer-songwriter', 'neo mellow', 'singer-songwriter']"
Vampire Weekend,"['baroque pop', 'indie pop', 'indie rock', 'modern rock']"
Ljones,['ambeat']
PLYA,"['atl hip hop', 'hip hop', 'rap', 'trap', 'underground hip hop']"
digitalluc,"['chillhop', 'jazz boom bap', 'lo-fi beats']"
.Sinh,"['chillhop', 'lo-fi beats']"
JDZZ,[]
Smoke Trees,"['chillhop', 'lo-fi beats']"
Millennium Jazz Music,"['chillhop', 'jazz boom bap']"
J.Robb,[]
Blu & Exile,"['alternative hip hop', 'boom bap', 'hip hop', 'jazz rap', 'soul flow', 'underground hip hop']"
FloFilz,"['chillhop', 'jazz boom bap', 'lo-fi beats']"
SubTrailss,[]
Masked Man,"['chillhop', 'lo-fi beats']"
Hollow Sol,[]
akihabara!,[]
Ryn Weaver,"['electropop', 'indie pop', 'indie poptimism', 'indietronica']"
The Japanese House,"['art pop', 'electropop', 'indie pop', 'indie poptimism', 'indietronica', 'modern dream pop', 'vapor soul']"
BÃ˜RNS,[]
Kailee Morgue,"['electropop', 'indie electropop', 'indie poptimism', 'indietronica', 'pop']"
Maggie Rogers,"['electropop', 'pop']"
FLETCHER,"['dance pop', 'electropop', 'indie poptimism', 'pop', 'post-teen pop', 'social media pop']"
Oh Wonder,"['electropop', 'indie pop', 'indie poptimism', 'indietronica', 'pop']"
Terror Jr,"['dance pop', 'electropop', 'indie electropop', 'indie poptimism', 'indietronica', 'metropopolis', 'pop']"
XYLÃ˜,[]
Bleachers,"['double drumming', 'indie pop', 'indie poptimism', 'indietronica', 'modern alternative rock', 'modern rock', 'pop', 'pop rock', 'rock']"
Broods,"['auckland indie', 'electropop', 'etherpop', 'indie electropop', 'indie pop', 'indie poptimism', 'indietronica', 'metropopolis', 'nz pop', 'pop', 'shimmer pop', 'tropical house', 'vapor soul']"
Muse,"['modern rock', 'permanent wave', 'rock']"
Arctic Monkeys,"['garage rock', 'modern rock', 'permanent wave', 'rock', 'sheffield indie']"
Nothing But Thieves,"['alternative pop rock', 'modern alternative rock', 'modern rock', 'rock']"
Interpol,"['alternative dance', 'alternative rock', 'dance-punk', 'indie rock', 'modern rock', 'new rave', 'rock']"
The Strokes,"['alternative rock', 'garage rock', 'modern rock', 'permanent wave', 'rock']"
Foals,"['alternative dance', 'indie rock', 'indietronica', 'modern rock', 'new rave', 'oxford indie', 'rock']"
The Killers,"['modern rock', 'permanent wave', 'rock']"
The Raconteurs,"['alternative rock', 'garage rock', 'garage rock revival', 'indie rock', 'modern alternative rock', 'modern blues rock', 'modern rock', 'rock', 'supergroup']"
The Last Shadow Puppets,"['baroque pop', 'indie rock', 'modern rock', 'rock', 'sheffield indie']"
Radiohead,"['alternative rock', 'art rock', 'melancholia', 'oxford indie', 'permanent wave', 'rock']"
Robin Thicke,"['dance pop', 'hip pop', 'neo soul', 'pop', 'r&b', 'urban contemporary']"
Erykah Badu,"['afrofuturism', 'hip hop', 'neo soul', 'r&b', 'soul', 'urban contemporary']"
Ginuwine,"['dance pop', 'hip hop', 'hip pop', 'neo soul', 'new jack swing', 'pop', 'r&b', 'southern hip hop', 'urban contemporary']"
Amerie,"['dance pop', 'deep pop r&b', 'hip hop', 'hip pop', 'neo soul', 'pop rap', 'r&b', 'urban contemporary']"
Kem,"['funk', 'neo soul', 'new jack swing', 'quiet storm', 'r&b', 'soul', 'urban contemporary']"
Kindred The Family Soul,"['neo soul', 'new jack swing', 'quiet storm', 'r&b', 'urban contemporary']"
Dwele,"['neo soul', 'r&b', 'urban contemporary']"
Eric Roberson,"['neo r&b', 'neo soul', 'r&b', 'urban contemporary']"
Avant,"['dance pop', 'deep pop r&b', 'hip pop', 'neo soul', 'new jack swing', 'pop rap', 'r&b', 'southern hip hop', 'urban contemporary']"
India.Arie,"['neo soul', 'r&b', 'urban contemporary']"
Tevin Campbell,"['dance pop', 'hip pop', 'neo soul', 'new jack swing', 'quiet storm', 'r&b', 'urban contemporary']"
FRENSHIP,"['electropop', 'indie poptimism', 'indietronica', 'la pop', 'pop', 'pop edm', 'tropical house']"
Jason Aldean,"['contemporary country', 'country', 'country road']"
Hunter Hayes,"['contemporary country', 'country', 'country road', 'modern country rock', 'neo mellow', 'pop', 'pop rock', 'post-teen pop']"
Huncho Jack,"['melodic rap', 'pop rap', 'rap', 'southern hip hop', 'trap']"
Quavo,"['atl hip hop', 'hip hop', 'melodic rap', 'pop rap', 'rap', 'southern hip hop', 'trap']"
Meek Mill,"['hip hop', 'philly rap', 'pop rap', 'rap', 'southern hip hop', 'trap']"
Laxcity,"['future bass', 'vapor soul', 'vapor twitch']"
Lucid Green,[]
Esbe,['chillhop']
Sleepy Bear,[]
Fallen Roses,[]
E66s,['lo-fi beats']
L One,['jazz boom bap']
H.1,['lo-fi beats']
the.lazyb,['lo-fi brasileiro']
itssvd,"['lo-fi chill', 'sad rap']"
Es-K,"['chillhop', 'jazz boom bap']"
j'san,"['chillhop', 'lo-fi beats']"
Herring Franky,[]
Smoking Patterns,[]
Dramadigs,"['indie deutschrap', 'jazz boom bap']"
.anxious.,['lo-fi beats']
DRWN.,"['chillhop', 'jazz boom bap', 'lo-fi beats']"
Nuages,[]
Josly Meso,[]
D'Angelo,"['alternative r&b', 'funk', 'hip hop', 'indie soul', 'neo soul', 'soul']"
Bob Acri,[]
Blvk,"['chillhop', 'lo-fi beats']"
Dw Beats,[]
Fujitsu,"['chillhop', 'lo-fi beats']"
Mt. Marcy,"['chillhop', 'japanese chillhop', 'lo-fi beats']"
fragile.,[]
Sakura,"['anime', 'j-pixie']"
Penthouse Penthouse,[]
Natural Swing,[]
CLVS,[]
Hurley Mower,[]
Poptartpete,"['chillhop', 'lo-fi beats']"
junyii.,[]
Moose Dawa,"['chillhop', 'lo-fi beats']"
Pigeondust,"['chillhop', 'jazz boom bap']"
Slowy,[]
Zanski,['vapor soul']
loftii,[]
Clap Cotton,"['chillhop', 'lo-fi beats']"
Skeptika,[]
Konteks,"['chillhop', 'jazz boom bap', 'lo-fi beats']"
Blazo,"['ambeat', 'chillhop']"
BÃ˜JET,[]
Asia,"['album rock', 'art rock', 'classic rock', 'hard rock', 'mellow gold', 'progressive rock', 'rock', 'soft rock', 'symphonic rock']"
Kansas,"['album rock', 'art rock', 'bow pop', 'classic rock', 'hard rock', 'heartland rock', 'mellow gold', 'progressive rock', 'rock', 'soft rock']"
Steve Lacy,"['afrofuturism', 'rap']"
Sheck Wes,"['rap', 'trap', 'underground hip hop', 'vapor trap']"
Duckwrth,"['alternative r&b', 'escape room', 'underground hip hop']"
Stephen,"['bass trap', 'indie poptimism', 'la pop']"
Big Zuu,"['grime', 'uk alternative hip hop', 'uk drill', 'uk hip hop']"
Frisco,"['grime', 'uk drill', 'uk hip hop']"
Jaykae,"['birmingham grime', 'birmingham hip hop', 'grime', 'uk drill', 'uk hip hop']"
ATO,['meme rap']
Witt Lowry,"['indie pop rap', 'pop rap']"
"nothing,nowhere.","['emo rap', 'pop rap', 'sad rap', 'underground hip hop']"
Strangers You Know,[]
Killstation,"['dark trap', 'emo rap', 'underground hip hop']"
Scarlxrd,"['dark trap', 'emo rap', 'scream rap', 'underground hip hop']"
Oliver Francis,"['dark trap', 'emo rap', 'melodic rap', 'sad rap', 'underground hip hop', 'vapor trap']"
Ghostemane,"['dark trap', 'emo rap', 'florida rap', 'underground hip hop']"
Pouya,"['dark trap', 'emo rap', 'miami hip hop', 'underground hip hop']"
Shakewell,"['dark trap', 'emo rap', 'underground hip hop', 'vapor trap']"
$uicideBoy$,"['dark trap', 'new orleans rap', 'underground hip hop']"
BEXEY,"['dark trap', 'emo rap', 'underground hip hop']"
Danger Incorporated,"['dark trap', 'emo rap', 'underground hip hop']"
Triple One,"['australian hip hop', 'australian trap', 'australian underground hip hop', 'dark trap', 'emo rap', 'underground hip hop']"
SirensCeol,['melodic dubstep']
Christian French,['pop']
guccihighwaters,"['emo rap', 'sad rap']"
Quinn XCII,"['indie pop rap', 'pop', 'pop rap']"
shinigami,"['emo rap', 'glitchcore', 'sad rap', 'scream rap']"
Call Me Karizma,"['emo rap', 'minnesota hip hop', 'modern alternative rock', 'modern rock', 'pop rap']"
The Gaslight Anthem,"['heartland rock', 'new jersey hardcore', 'new jersey indie', 'new jersey punk', 'skate punk']"
Nothington,"['melodic hardcore', 'orgcore', 'skate punk']"
Taska Black,"['bass trap', 'edm', 'electronic trap', 'future bass', 'pop edm', 'traprun', 'vapor twitch']"
Matt Maeson,"['indie pop', 'modern rock']"
Jaymes Young,"['indie poptimism', 'modern rock', 'pop']"
SMLE,"['bass trap', 'future bass', 'pop edm', 'vapor twitch']"
Kupla,['lo-fi beats']
Swell,['japanese chillhop']
Samiyam,"['alternative hip hop', 'bass music', 'glitch', 'wonky']"
Stlndrms,[]
Fushou.,"['chillhop', 'lo-fi beats']"
Gwen Stefani,"['dance pop', 'europop', 'hip pop', 'pop', 'pop rock', 'post-teen pop', 'urban contemporary']"
MIKA,"['dance pop', 'europop', 'pop']"
FEVER 333,"['la indie', 'modern rock', 'nu-metalcore']"
Puppet,"['edm', 'future bass', 'gaming edm']"
Degiheugi,"['electro swing', 'french indietronica', 'nu jazz']"
Don Philippe,['chillhop']
Hazy Year,"['chillhop', 'lo-fi beats']"
Axian,"['chillhop', 'jazz boom bap', 'lo-fi beats']"
Corey Laury,[]
Psygon,[]
Beatboxbandit,['chillhop']
Allem Iversom,"['chillhop', 'lo-fi beats']"
Xfruge,['lo-fi beats']
Drowning Pool,"['alternative metal', 'industrial metal', 'nu metal', 'post-grunge', 'rap metal', 'rap rock', 'wrestling']"
Caesars,['swedish indie rock']
Staind,"['alternative metal', 'nu metal', 'post-grunge', 'rap rock', 'rock']"
Evanescence,['alternative metal']
Franz Ferdinand,"['alternative rock', 'dance-punk', 'indie rock', 'modern rock', 'new rave', 'rock', 'scottish rock']"
Jet,[]
P.O.D.,"['alternative metal', 'funk metal', 'nu metal', 'rap metal', 'rap rock']"
Wolfmother,"['alternative rock', 'australian psych', 'garage rock', 'modern alternative rock', 'modern blues rock', 'modern rock', 'rock']"
Kings of Leon,"['modern rock', 'rock']"
Audioslave,"['alternative metal', 'alternative rock', 'modern rock', 'nu metal', 'permanent wave', 'post-grunge', 'rock', 'supergroup']"
The White Stripes,"['alternative rock', 'blues rock', 'garage rock', 'modern blues rock', 'modern rock', 'permanent wave', 'punk blues', 'rock']"
blink-182,"['pop punk', 'punk', 'socal pop punk']"
Thirty Seconds To Mars,"['modern rock', 'pop punk', 'post-grunge', 'rock']"
Nickelback,"['alternative metal', 'canadian rock', 'nu metal', 'post-grunge']"
Korn,"['alternative metal', 'funk metal', 'nu metal', 'rap metal']"
Green Day,"['permanent wave', 'pop punk', 'punk']"
Puddle Of Mudd,"['alternative metal', 'alternative rock', 'nu metal', 'post-grunge', 'rap rock', 'rock']"
Jimmy Eat World,"['emo', 'modern power pop', 'modern rock', 'pop punk', 'pop rock', 'rock']"
Red Hot Chili Peppers,"['alternative rock', 'funk metal', 'funk rock', 'permanent wave']"
System Of A Down,"['alternative metal', 'nu metal', 'rap metal']"
Disturbed,"['alternative metal', 'nu metal', 'rap metal']"
Breaking Benjamin,"['alternative metal', 'nu metal', 'post-grunge']"
Alien Ant Farm,"['alternative metal', 'funk metal', 'nu metal', 'pop punk', 'post-grunge', 'rap rock']"
Limp Bizkit,"['alternative metal', 'funk metal', 'nu metal', 'rap metal', 'wrestling']"
Stone Sour,"['alternative metal', 'nu metal', 'post-grunge', 'rock']"
Sum 41,"['alternative metal', 'canadian pop punk', 'canadian punk', 'nu metal', 'pop punk', 'punk']"
Hoodie Allen,"['indie pop rap', 'pop rap']"
One Direction,"['boy band', 'pop', 'post-teen pop', 'talent show']"
Godsmack,"['alternative metal', 'nu metal', 'post-grunge', 'rap metal']"
Rise Against,"['chicago hardcore', 'chicago punk', 'hardcore punk', 'pop punk', 'punk']"
The All-American Rejects,"['modern rock', 'neo mellow', 'pop', 'pop punk', 'pop rock']"
AFI,"['alternative metal', 'emo', 'pop punk', 'punk', 'screamo', 'skate punk']"
3 Doors Down,"['alternative metal', 'nu metal', 'pop rock', 'post-grunge']"
U2,"['irish rock', 'permanent wave', 'rock']"
CoryaYo,"['chillhop', 'jazz boom bap']"
IOM,"['modern rock', 'rock']"
Matt Quentin,['chillhop']
Dawl,"['latin', 'r&b en espanol', 'reggaeton']"
DJ Grumble,"['chillhop', 'jazz boom bap']"
Shimo,[]
Laffey,['lo-fi beats']
Thelonious Coltrane,"['chillhop', 'jazz boom bap']"
Tony Bennett,"['adult standards', 'easy listening', 'lounge', 'vocal jazz']"
Wiz Khalifa,"['hip hop', 'pittsburgh rap', 'pop rap', 'rap', 'southern hip hop', 'trap']"
Abstract Orchestra,['alternative hip hop']
Jesse James,['uk alternative hip hop']
ai kuwabara trio project,['japanese jazz']
The F16s,"['chennai indie', 'indian indie', 'indian rock']"
Johnny Polygon,['soul flow']
Malibu Ken,[]
Sean Kingston,"['dance pop', 'miami hip hop', 'pop', 'post-teen pop', 'urban contemporary']"
Takagi & Ketra,"['italian arena pop', 'italian pop']"
biosphere,['lo-fi beats']
Ours Samplus,[]
J. Roosevelt,['lo-fi beats']
Tory Lanez,"['canadian hip hop', 'melodic rap', 'pop rap', 'rap', 'toronto rap', 'trap']"
Atmosphere,"['alternative hip hop', 'conscious hip hop', 'minnesota hip hop', 'pop rap']"
Mac Lethal,"['abstract hip hop', 'battle rap', 'kansas city hip hop', 'underground rap']"
Hieroglyphics,"['alternative hip hop', 'hardcore hip hop', 'hip hop', 'jazz rap', 'turntablism', 'underground rap']"
Jazz Dialogue,['chillhop']
Dabrye,"['alternative hip hop', 'glitch', 'wonky']"
Miraa.,"['alternative r&b', 'indie r&b', 'uk alternative hip hop', 'uk contemporary r&b']"
Professor Green,['grime']
K/DA,['k-pop girl group']
Monsta X,"['k-pop', 'k-pop boy group']"
BLACKPINK,"['k-pop', 'k-pop girl group']"
Red Velvet,"['k-pop', 'k-pop girl group']"
ITZY,['k-pop girl group']
JENNIE,['k-pop']
TWICE,"['k-pop', 'k-pop girl group']"
tajima hal,"['chillhop', 'lo-fi beats']"
Kaizen 92,[]
POLR,"['chicago rap', 'rap']"
Saito,[]
Prima,"['alternative rock', 'big beat', 'britpop', 'dance rock', 'new wave', 'rock', 'scottish indie']"
Calumdj,[]
KAYTRANADA,"['escape room', 'indie soul', 'lgbtq+ hip hop']"
Matt Champion,['bedroom pop']
Tonight Alive,"['candy pop', 'neon pop punk', 'pixie', 'pop emo', 'pop punk']"
You Me At Six,"['modern alternative rock', 'modern rock', 'neon pop punk', 'pop emo', 'pop punk', 'rock']"
Forever The Sickest Kids,"['electropowerpop', 'emo', 'neon pop punk', 'pop emo', 'pop punk', 'texas pop punk']"
I DONT KNOW HOW BUT THEY FOUND ME,"['indie pop', 'modern alternative rock', 'modern rock', 'rock']"
The Cab,"['modern rock', 'neon pop punk', 'pop punk', 'pop rock', 'post-teen pop', 'vegas indie', 'viral pop']"
WALK THE MOON,"['indie pop', 'indie poptimism', 'modern alternative rock', 'modern rock', 'pop rock', 'rock']"
The Audition,"['chicago punk', 'neon pop punk', 'pop emo', 'pop punk', 'screamo']"
Run The Jewels,"['hip hop', 'political hip hop', 'southern hip hop']"
DJ Fresh,"['afro house', 'drum and bass', 'house', 'tropical house', 'uk dance', 'uk dnb']"
Fred V & Grafix,"['chillstep', 'drum and bass', 'liquid funk']"
Netsky,"['belgian edm', 'drum and bass', 'liquid funk']"
Metrik,"['drum and bass', 'liquid funk']"
Ameer Vann,"['hip hop', 'underground hip hop']"
WYO,['philly rap']
mndbd,"['chillhop', 'lo-fi beats']"
Caleon Fox,[]
Jakob Ogawa,['indie garage rock']
EARTHGANG,"['atl hip hop', 'hip hop', 'psychedelic hip hop', 'rap', 'underground hip hop']"
Kota the Friend,"['hip hop', 'rap', 'underground hip hop']"
Freya Ridings,"['pop', 'uk pop']"
Qumu,"['otacore', 'scorecore']"
Smooth McGroove,['scorecore']
The Marcus Hedges Trend Orchestra,"['otacore', 'scorecore']"
insaneintherainmusic,['otacore']
DJ Suede The Remix God,['viral trap']
The Consouls,"['otacore', 'scorecore']"
Neutral Milk Hotel,"['alternative rock', 'anti-folk', 'athens indie', 'e6fi', 'indie pop', 'indie rock', 'lo-fi', 'modern rock']"
Built To Spill,"['alternative rock', 'anti-folk', 'freak folk', 'idaho indie', 'indie pop', 'indie rock', 'lo-fi', 'modern rock', 'stomp and holler']"
Cage The Elephant,"['indie pop', 'indie rock', 'modern rock', 'punk blues', 'rock']"
Beck,"['dance pop', 'latin', 'latin pop', 'latin viral pop', 'post-teen pop', 'rap latina', 'reggaeton']"
Bowling For Soup,"['comic', 'pop punk', 'texas pop punk']"
Moontower,['la pop']
Gorillaz,"['alternative hip hop', 'art pop']"
Die Antwoord,"['african rock', 'south african alternative', 'south african hip hop']"
Plastilina Mosh,"['electro latino', 'latin afrobeat', 'latin alternative', 'latin rock', 'mexican indie', 'mexican rock', 'rock en espanol']"
Capital Cities,"['alternative dance', 'indie pop', 'metropopolis', 'modern rock']"
Kinky,"['electro latino', 'funk mexicano', 'latin alternative', 'latin rock', 'mexican rock', 'rock en espanol']"
Snoh Aalegra,"['alternative r&b', 'indie r&b', 'indie soul', 'neo soul', 'scandinavian r&b', 'swedish soul']"
Brent Faiyaz,"['dmv rap', 'hip hop', 'rap']"
Miguel,"['dance pop', 'pop', 'pop rap', 'r&b', 'urban contemporary']"
Jorja Smith,"['pop', 'uk contemporary r&b']"
PARTYNEXTDOOR,"['pop', 'pop rap', 'rap', 'toronto rap', 'trap', 'urban contemporary']"
SZA,"['pop', 'pop rap', 'rap']"
Isaiah Rashad,"['hip hop', 'rap', 'tennessee hip hop', 'underground hip hop']"
GoldLink,"['alternative r&b', 'dmv rap', 'hip hop', 'rap', 'underground hip hop']"
JhenÃ© Aiko,"['alternative r&b', 'pop', 'r&b', 'urban contemporary']"
Tsuko G.,"['antiviral pop', 'eurobeat', 'meme rap', 'otacore']"
Jager,[]
EDO BOYS,['eurobeat']
Go2,['eurobeat']
Ace,"['dirty south rap', 'gangster rap', 'hip hop', 'miami hip hop', 'pop rap', 'rap', 'southern hip hop', 'trap']"
TWRP,"['comic', 'nightrun']"
DAVE RODGERS,[]
SEGA SOUND TEAM,"['japanese vgm', 'sound team']"
Neku,['otacore']
Fastway,"['album rock', 'glam metal', 'hard rock']"
SharaX,"['antiviral pop', 'otacore']"
Danny Baranowsky,"['indie game soundtrack', 'scorecore', 'video game music']"
The Megas,"['nintendocore', 'otacore']"
Hotblade,['eurobeat']
Lil B,"['atl hip hop', 'atl trap', 'rap']"
J. Morgan,['relaxative']
Halsey,"['dance pop', 'electropop', 'etherpop', 'indie poptimism', 'pop', 'post-teen pop']"
Twiztid,"['horrorcore', 'rap rock']"
Lil Nas X,"['country rap', 'lgbtq+ hip hop', 'pop rap']"
Ellie Goulding,"['dance pop', 'metropopolis', 'pop', 'post-teen pop', 'uk pop']"
Ed Sheeran,"['pop', 'uk pop']"
Sharon Van Etten,"['art pop', 'chamber pop', 'freak folk', 'indie folk', 'indie pop', 'indie rock', 'melancholia', 'new jersey indie', 'stomp and holler']"
frederic,"['classical', 'early romantic era', 'polish classical']"
Yu Takahashi,"['j-acoustic', 'j-pop', 'japanese singer-songwriter']"
Ocean Wisdom,"['grime', 'uk alternative hip hop', 'uk hip hop']"
Rammstein,"['alternative metal', 'german metal', 'industrial', 'industrial metal', 'industrial rock', 'neue deutsche harte', 'nu metal']"
Kris Wu,"['chinese hip hop', 'chinese idol pop']"
Higher Brothers,['chinese hip hop']
NERO,"['edm', 'electro house', 'melodic dubstep']"
grandson,"['modern alternative rock', 'modern rock', 'rock']"
Fleetwood Mac,"['album rock', 'classic rock', 'mellow gold', 'rock', 'soft rock', 'yacht rock']"
Eddie Money,"['album rock', 'classic rock', 'country rock', 'folk rock', 'hard rock', 'mellow gold', 'pop rock', 'rock', 'soft rock']"
Three Dog Night,"['album rock', 'art rock', 'blues rock', 'brill building pop', 'bubblegum pop', 'classic rock', 'country rock', 'folk', 'folk rock', 'hard rock', 'heartland rock', 'mellow gold', 'rock', 'roots rock', 'soft rock']"
Steely Dan,"['album rock', 'art rock', 'classic rock', 'country rock', 'folk', 'folk rock', 'mellow gold', 'psychedelic rock', 'rock', 'roots rock', 'soft rock', 'yacht rock']"
The Police,"['album rock', 'art rock', 'classic rock', 'dance rock', 'mellow gold', 'permanent wave', 'rock', 'soft rock']"
Boz Scaggs,"['adult standards', 'album rock', 'art rock', 'classic rock', 'country rock', 'folk', 'folk rock', 'mellow gold', 'singer-songwriter', 'soft rock', 'yacht rock']"
The Cars,"['album rock', 'art rock', 'classic rock', 'dance rock', 'folk rock', 'hard rock', 'mellow gold', 'new romantic', 'new wave', 'new wave pop', 'permanent wave', 'pop rock', 'power pop', 'rock', 'soft rock']"
Pretenders,"['album rock', 'art rock', 'classic rock', 'dance rock', 'folk', 'folk rock', 'lilith', 'mellow gold', 'new romantic', 'new wave', 'new wave pop', 'permanent wave', 'pop rock', 'rock', 'soft rock']"
Young Thug,"['atl hip hop', 'atl trap', 'gangster rap', 'melodic rap', 'pop rap', 'rap', 'trap']"
Big Sean,"['detroit hip hop', 'hip hop', 'pop rap', 'rap', 'southern hip hop', 'trap']"
tobi lou,"['chicago rap', 'pop rap']"
Flume,"['australian dance', 'australian electropop', 'australian indie', 'downtempo', 'edm']"
The Buttertones,"['indie garage rock', 'indie surf']"
The Frights,"['indie garage rock', 'indie pop', 'indie surf', 'modern rock', 'san diego indie', 'surf punk']"
McCafferty,"['alternative emo', 'indie pop']"
The Jensens,['brisbane indie']
The Drums,"['brooklyn indie', 'indie pop', 'indie rock', 'indie surf', 'modern rock', 'new rave']"
Sugar Ray,"['alternative metal', 'alternative rock', 'funk metal', 'pop rock']"
Will Smith,['hip hop']
LFO,['boy band']
Squirrel Nut Zippers,['swing']
Michael Abels,"['african-american classical', 'soundtrack']"
Elevator Fight Club,[]
Wallows,"['indie pop', 'modern rock', 'rock']"
The Walters,"['chicago indie', 'indie garage rock', 'indie pop']"
Friday Pilots Club,"['indie rockism', 'modern alternative rock']"
Delta Sleep,"['brighton indie', 'british math rock', 'progressive post-hardcore']"
Hayley Kiyoko,"['dance pop', 'electropop', 'indie pop', 'indie poptimism', 'pop', 'post-teen pop']"
HUNNY,"['indie pop', 'indietronica', 'modern alternative rock', 'modern rock']"
MadeinTYO,"['atl hip hop', 'hip hop', 'melodic rap', 'pop rap', 'rap', 'southern hip hop', 'trap', 'underground hip hop', 'vapor trap']"
KYLE,"['pop rap', 'rap']"
Roy Woods,"['canadian hip hop', 'pop rap', 'trap', 'trap soul', 'underground hip hop']"
Crystal Skies,"['chillstep', 'future bass', 'melodic dubstep', 'pop edm']"
Billie Eilish,"['electropop', 'pop']"
Michl,"['electropop', 'vapor soul']"
Lorde,"['art pop', 'dance pop', 'metropopolis', 'nz pop', 'pop']"
Sleeping At Last,"['ambient worship', 'chamber pop', 'dreamo', 'pop']"
Declan McKenna,"['indie pop', 'modern alternative rock', 'modern rock', 'rock']"
Oliver Riot,['indie anthem-folk']
Conan Gray,"['bedroom pop', 'indie pop', 'pop']"
The OneUps,['scorecore']
Jazz Paladin,[]
Sean Schafianski,['scorecore']
GENTLE LOVE,"['otacore', 'scorecore', 'video game music']"
JPEGMAFIA,"['alternative hip hop', 'escape room', 'experimental hip hop', 'hip hop', 'industrial hip hop', 'rap', 'underground hip hop']"
Choker,"['alternative r&b', 'indie r&b', 'indie soul']"
Peach Pit,"['indie pop', 'modern alternative rock', 'modern rock', 'vancouver indie']"
Cosmo Pyke,"['indie garage rock', 'uk contemporary r&b']"
Domo Genesis,"['alternative hip hop', 'hip hop', 'rap', 'underground hip hop']"
Injury Reserve,"['alternative hip hop', 'conscious hip hop', 'escape room', 'hip hop', 'underground hip hop']"
NOTD,"['dance pop', 'edm', 'electropop', 'pop', 'pop edm', 'post-teen pop', 'tropical house']"
Bea Miller,"['dance pop', 'electropop', 'modern rock', 'pop', 'pop rap', 'post-teen pop', 'talent show', 'viral pop']"
Kero Kero Bonito,"['escape room', 'hyperpop', 'japanese electropop']"
Wifisfuneral,"['dark trap', 'emo rap', 'florida rap', 'miami hip hop', 'rap', 'trap', 'underground hip hop', 'vapor trap']"
WHIPPED CREAM,"['canadian electronic', 'electra', 'electro house', 'electronic trap']"
Hekler,"['deathstep', 'dubstep', 'electronic trap', 'gaming dubstep']"
The Driver Era,"['indie pop', 'modern alternative rock', 'modern rock']"
The Kooks,"['brighton indie', 'indie pop', 'modern rock', 'rock']"
Dark Moor,"['melodic metal', 'neo classical metal', 'power metal', 'spanish metal', 'speed metal', 'symphonic metal', 'symphonic power metal']"
"You, Me, And Everyone We Know","['neon pop punk', 'pop emo', 'pop punk']"
All Time Low,"['modern rock', 'pop punk']"
21 Savage,"['atl hip hop', 'rap', 'southern hip hop', 'trap']"
Last Dinosaurs,"['australian indie', 'indie pop']"
ASIAN KUNG-FU GENERATION,"['anime', 'anime score', 'j-pop', 'j-poprock', 'j-rock', 'japanese emo', 'japanese pop punk', 'otacore']"
dodie,"['indie pop', 'pop']"
Dos Monos,['j-rap']
Ikimonogakari,"['anime', 'j-pop', 'j-poprock']"
DJ BomaNdoki,
Plusma,"['chillhop', 'lo-fi beats']"
JuSoul,[]
Little Simz,"['escape room', 'indie r&b', 'indie soul', 'trap queen', 'uk alternative hip hop']"
Sleepy Fish,"['chillhop', 'lo-fi beats']"
Hanz,"['chillhop', 'lo-fi beats']"
Saint Pitre,[]
VELVETEARS,['emo rap']
DOGDEER,['dark trap']
Dylan Hall,[]
BEAM,['trap soul']
xXYunglordXx,[]
Saint Mark,[]
Huez,[]
Devaloop,"['chillhop', 'jazz boom bap', 'lo-fi beats']"
Dontcry,['lo-fi beats']
Sugi.wa,"['chillhop', 'lo-fi beats']"
Nokiaa,"['chillhop', 'lo-fi beats']"
tides.,['background music']
Delayde,"['chillhop', 'lo-fi beats']"
less.people,['lo-fi beats']
SPEECHLESS,"['japanese chillhop', 'lo-fi beats']"
Emapea,"['chillhop', 'jazz boom bap']"
damaa.beats,['lo-fi beats']
B-Side,"['chillhop', 'jazz boom bap', 'lo-fi beats']"
Ollie MN,"['indie pop', 'lo-fi beats']"
The Foundations,"['brill building pop', 'bubblegum pop', 'motown']"
Lara Anderson,[]
Frank Turner,['folk punk']
Rob Thomas,"['acoustic pop', 'neo mellow', 'pop rock']"
Santana,"['blues rock', 'classic rock', 'mexican classic rock']"
Arcade Fire,"['alternative dance', 'alternative rock', 'baroque pop', 'canadian indie', 'dance-punk', 'indie pop', 'indie rock', 'modern rock', 'new rave', 'permanent wave', 'quebec indie', 'rock']"
Hot Chelle Rae,"['dance pop', 'neo mellow', 'neon pop punk', 'pop', 'pop punk', 'pop rock', 'post-teen pop', 'viral pop']"
Veltpunch,"['j-poprock', 'j-rock']"
Invalids,"['instrumental math rock', 'math pop', 'midwest emo', 'new jersey indie']"
Brynn Cartelli,"['asbury park indie', 'australian talent show']"
Chloe Kohanski,[]
io,['melodic rap']
The Weeknd,"['canadian contemporary r&b', 'canadian pop', 'pop']"
The Cabs,"['japanese emo', 'japanese math rock']"
paranoid void,"['japanese math rock', 'japanese post-rock']"
Gesu No Kiwami Otome,"['j-pop', 'j-rock']"
Monobody,"['chicago indie', 'instrumental math rock', 'math pop']"
OGRE YOU ASSHOLE,"['j-rock', 'japanese post-punk', 'japanese post-rock', 'shibuya-kei']"
the cabs,"['japanese emo', 'japanese math rock']"
Floral,"['instrumental math rock', 'math pop']"
Downy,"['japanese math rock', 'japanese post-rock']"
Tenacious D,"['alternative metal', 'comedy rock', 'comic', 'comic metal', 'parody', 'rock']"
NIKI,"['indie r&b', 'indonesian r&b', 'pop']"
John Williams,['soundtrack']
Slow Shudder,[]
Galantis,"['big room', 'dance pop', 'edm', 'electro house', 'pop', 'tropical house']"
RÅ®DE,[]
Flitz&Suppe,"['chillhop', 'lo-fi beats']"
SwÃ¸rn,"['deep indian pop', 'filmi', 'tamil pop']"
Zeus the Elevated,[]
Kenshi Yonezu,"['anime', 'j-pop']"
TK from Ling tosite sigure,"['anime score', 'j-rock', 'otacore']"
Hello Sleepwalkers,"['anime rock', 'j-rock', 'okinawan pop']"
KANA-BOON,"['j-pop', 'j-rock']"
CÃ¶ Shu Nie,
BLUE ENCOUNT,"['anime rock', 'j-pop', 'j-poprock', 'j-rock', 'japanese alternative rock']"
PUP,"['alternative emo', 'canadian indie', 'canadian pop punk', 'canadian punk', 'indie punk', 'indie rock', 'toronto indie']"
Free Throw,"['alternative emo', 'anthem emo', 'emo', 'indie punk', 'midwest emo', 'pop punk']"
Tigers Jaw,"['alternative emo', 'anthem emo', 'emo', 'indie punk', 'melodic hardcore', 'pop punk']"
Microwave,"['alternative emo', 'anthem emo', 'emo', 'pop punk']"
Modern Baseball,"['alternative emo', 'emo', 'philly indie', 'pop punk']"
The Hotelier,"['alternative emo', 'anthem emo', 'emo', 'indie punk', 'indie rock', 'midwest emo', 'new england emo', 'worcester ma indie']"
Mom Jeans.,"['alternative emo', 'diy emo', 'indie punk', 'north carolina emo']"
Sorority Noise,"['alternative emo', 'emo', 'new england emo']"
Tiny Moving Parts,"['alternative emo', 'anthem emo', 'emo', 'midwest emo']"
Prince Daddy & the Hyena,"['albany ny indie', 'alternative emo', 'diy emo', 'emo', 'indie garage rock', 'indie punk', 'indie rock', 'midwest emo']"
AJJ,"['acoustic punk', 'anti-folk', 'folk punk', 'indie rock']"
Jeff Rosenstock,"['alternative emo', 'anti-folk', 'folk punk', 'indie punk', 'indie rock', 'modern power pop']"
Joyce Manor,"['alternative emo', 'emo', 'indie punk', 'indie rock']"
Jank,['swancore']
Lizzo,"['dance pop', 'escape room', 'minnesota hip hop', 'pop', 'pop rap', 'trap queen']"
Sambomaster,"['j-pop', 'j-poprock', 'j-rock']"
Kankick,"['alternative hip hop', 'beats', 'chillhop', 'jazz boom bap', 'wonky']"
Lucian,"['bass trap', 'pop edm', 'vapor twitch']"
Dead Gorgeous Records,[]
Dream Easy Collective,[]
Melodiesinfonie,"['chillhop', 'indie jazz', 'indie soul', 'jazz boom bap', 'lo-fi beats']"
Neovaii,"['bass trap', 'pop edm', 'traprun']"
Khalil?,['meme rap']
Jack Stauber,['pittsburgh indie']
Clairo,"['bedroom pop', 'boston indie', 'indie pop']"
girl in red,"['bedroom pop', 'indie pop', 'norwegian indie']"
Kasper Lindmark,['lo-fi beats']
Kudasaibeats,"['chillhop', 'lo-fi beats', 'lo-fi chill']"
Milkz,['lo-fi beats']
jrd.,"['chillhop', 'lo-fi beats']"
charlie toÃ˜ human,"['chillhop', 'lo-fi beats']"
Crwsox,[]
Bitte Please,['focus beats']
MARTIN $KY,[]
Dayle,[]
Chill Children,"['chillhop', 'lo-fi beats', 'phonk']"
E I S U,[]
Eric Lau,"['broken beat', 'indie jazz', 'neo r&b']"
Lukewarm,[]
Caleb Belkin,"['chillhop', 'lo-fi beats']"
Blue Wednesday,"['chillhop', 'lo-fi beats']"
DLJ,['lo-fi beats']
GentleBeatz,['lo-fi beats']
Robot Orchestra,['chillhop']
Moka Only,"['alternative hip hop', 'bc underground hip hop', 'canadian hip hop', 'jazz rap']"
athena,[]
joeshort,[]
.Fuelh,[]
Shy Cope,['lo-fi beats']
Too Ugly,[]
A L E X,"['chillhop', 'lo-fi beats']"
Ouska,[]
Fortnight,[]
Omaure,"['chillhop', 'lo-fi beats']"
no one's perfect,[]
shiy,"['alternative metal', 'nu metal', 'post-grunge']"
chromonicci,"['chillhop', 'future bass', 'vapor twitch']"
blnkspc_,"['chillhop', 'lo-fi beats']"
Hamzah,[]
laqueus,[]
Sup Nasa,[]
L'IndÃ©cis,[]
j^p^n,"['future funk', 'lo-fi beats']"
Feyesal,[]
Phlocalyst,"['chillhop', 'lo-fi beats']"
soho,['lo-fi beats']
Lost Son,"['chillhop', 'japanese chillhop', 'lo-fi beats']"
Ling tosite sigure,"['j-rock', 'japanese emo', 'japanese math rock', 'japanese post-hardcore']"
Nef The Pharaoh,"['cali rap', 'hyphy', 'west coast trap']"
Mustard,"['cali rap', 'pop rap', 'rap', 'southern hip hop', 'trap']"
Lil Wayne,"['hip hop', 'new orleans rap', 'pop rap', 'rap', 'trap']"
Sia,"['australian dance', 'australian pop', 'dance pop', 'pop']"
Lil Spryte,['meme rap']
Mat Kearney,"['acoustic pop', 'indiecoustica', 'neo mellow', 'pop rock', 'stomp and holler']"
Parachute,"['acoustic pop', 'charlottesville indie', 'indie cafe pop', 'indiecoustica', 'neo mellow', 'pop', 'pop rock', 'post-teen pop', 'viral pop']"
Nine Days,"['neo mellow', 'pop rock']"
Gavin DeGraw,"['acoustic pop', 'neo mellow', 'pop', 'pop rock']"
Michelle Branch,"['candy pop', 'dance pop', 'lilith', 'neo mellow', 'pop rock', 'post-teen pop']"
Train,"['neo mellow', 'pop', 'pop rock']"
Thriving Ivory,"['neo mellow', 'piano rock', 'pop rock']"
Matt Nathanson,"['acoustic pop', 'indiecoustica', 'neo mellow', 'pop rock']"
Everclear,"['alternative metal', 'alternative rock', 'permanent wave', 'pop punk', 'pop rock', 'post-grunge', 'rock']"
Augustana,"['acoustic pop', 'neo mellow', 'piano rock', 'pop rock']"
Semisonic,"['alternative rock', 'pop rock']"
The Goo Goo Dolls,"['alternative rock', 'neo mellow', 'permanent wave', 'pop rock', 'post-grunge']"
Sister Hazel,"['acoustic pop', 'neo mellow', 'pop rock']"
O.A.R.,"['jam band', 'neo mellow', 'pop rock']"
Barenaked Ladies,"['alternative rock', 'canadian pop', 'canadian rock', 'comic', 'pop rock']"
Matchbox Twenty,"['neo mellow', 'pop rock', 'post-grunge']"
Eve 6,"['alternative metal', 'alternative rock', 'pop rock', 'post-grunge']"
Collective Soul,"['alternative metal', 'alternative rock', 'nu metal', 'pop rock', 'post-grunge', 'rock']"
Edwin McCain,"['acoustic pop', 'neo mellow', 'pop rock']"
SafetySuit,"['acoustic pop', 'neo mellow', 'pop rock']"
Gin Blossoms,"['alternative rock', 'neo mellow', 'permanent wave', 'pop rock', 'post-grunge', 'rock', 'tempe indie']"
Daughtry,"['alternative metal', 'neo mellow', 'pop rock', 'post-grunge']"
Girls Aloud,"['bubblegum dance', 'dance pop', 'electropop', 'europop', 'girl group', 'pop', 'post-teen pop']"
Gym Class Heroes,"['dance pop', 'pop', 'pop punk', 'pop rap']"
Belinda,"['dance pop', 'latin', 'latin arena pop', 'latin pop', 'mexican pop', 'pop', 'post-teen pop']"
Magic & Bird,['christian trap']
Jobii,['lo-fi beats']
Birocratic,"['chillhop', 'future funk', 'lo-fi beats']"
Rejoicer,"['indie jazz', 'wonky']"
StackOne,['lo-fi beats']
Rainbow Kitten Surprise,"['indie folk', 'indie pop', 'indie rock', 'modern alternative rock', 'modern rock', 'stomp and holler']"
Yuutsu,[]
Jack Be,[]
Bugseed and ill.Sugi,[]
Tom Doolie,"['chillhop', 'lo-fi beats']"
S-Ilo,[]
Jetson,[]
Ninjoi.,['lo-fi beats']
Beast Coast,"['hip hop', 'rap', 'underground hip hop']"
Flatbush Zombies,"['escape room', 'hip hop', 'psychedelic hip hop', 'rap', 'underground hip hop']"
Blind Pilot,"['indie folk', 'indie pop', 'new americana', 'portland indie', 'stomp and holler']"
Hippo Campus,"['indie pop', 'indie poptimism', 'indie rock', 'indietronica', 'minneapolis indie', 'modern alternative rock', 'modern rock']"
Kid Cudi,"['hip hop', 'ohio hip hop', 'pop rap', 'rap']"
N.E.R.D,"['hip hop', 'virginia hip hop']"
Strehlow,"['chillhop', 'lo-fi beats']"
johto,[]
Tomcbumpz,['lo-fi beats']
3LLL,[]
Apollo Brown,"['alternative hip hop', 'boom bap', 'hip hop', 'underground hip hop']"
All Them Witches,"['indie rock', 'modern blues rock', 'modern rock', 'neo-psychedelic', 'space rock', 'stoner rock']"
G-Eazy,"['hip hop', 'indie pop rap', 'oakland hip hop', 'pop rap', 'rap']"
Phoenix,"['alternative dance', 'dance-punk', 'indie pop', 'indie rock', 'indietronica', 'modern rock', 'new rave', 'rock independant francais']"
Neck Deep,"['pop punk', 'uk pop punk']"
Real Friends,"['alternative emo', 'anthem emo', 'chicago pop punk', 'emo', 'pixie', 'pop punk']"
Makeout,"['pop punk', 'rhode island indie']"
The Longshot,[]
Moose Blood,"['alternative emo', 'anthem emo', 'emo', 'kent indie', 'modern alternative rock']"
Falling In Reverse,"['metalcore', 'pop punk', 'rap metal']"
Pierce The Veil,"['modern rock', 'pop punk', 'screamo']"
Against Me!,"['folk punk', 'gainesville indie', 'orgcore', 'punk', 'skate punk']"
Palaye Royale,"['modern alternative rock', 'modern rock', 'rock', 'vegas indie']"
Mayday Parade,"['emo', 'neon pop punk', 'pop emo', 'pop punk']"
New Politics,"['indie pop', 'indie poptimism', 'modern alternative rock', 'modern rock', 'pop rock', 'stomp pop']"
Dominic Fike,"['alternative pop rock', 'pop']"
Victor Internet,['bedroom pop']
ROLE MODEL,"['bedroom pop', 'indie cafe pop', 'indie pop', 'indie r&b', 'pop']"
Banes World,"['bedroom pop', 'indie garage rock']"
Noname,"['alternative r&b', 'chicago rap', 'escape room', 'hip hop', 'indie soul', 'neo soul', 'rap', 'underground hip hop']"
Decorator,[]
Alessia Cara,"['canadian contemporary r&b', 'canadian pop', 'dance pop', 'electropop', 'pop', 'post-teen pop']"
Jonas Brothers,"['boy band', 'dance pop', 'pop', 'pop rock', 'post-teen pop']"
ZAYN,"['dance pop', 'electropop', 'pop', 'post-teen pop', 'uk pop']"
Julia Michaels,"['dance pop', 'electropop', 'pop', 'post-teen pop']"
BeyoncÃ©,"['dance pop', 'pop', 'r&b']"
The Carters,"['pop', 'pop rap', 'r&b', 'rap', 'urban contemporary']"
Smile Empty Soul,"['alternative metal', 'nu metal', 'post-grunge', 'rap rock']"
slowthai,"['hip hop', 'rap', 'uk alternative hip hop', 'uk hip hop']"
"Slaughter Beach, Dog","['alternative emo', 'anti-folk', 'emo', 'indie punk', 'indie rock', 'midwest emo', 'small room']"
TouchÃ© AmorÃ©,"['alternative emo', 'chaotic hardcore', 'emo', 'melodic hardcore', 'post-hardcore', 'screamo']"
It Looks Sad.,"['alternative emo', 'charlotte nc indie', 'indie garage rock', 'indie rock', 'midwest emo', 'north carolina emo']"
Nonpoint,"['alternative metal', 'industrial metal', 'latin metal', 'miami metal', 'nu metal', 'rap metal', 'rap rock']"
The Rasmus,"['finnish alternative rock', 'funk metal']"
Miley Cyrus,"['dance pop', 'pop', 'post-teen pop']"
Loyle Carner,"['indie r&b', 'indie soul', 'london rap', 'uk alternative hip hop']"
Fliptrix,"['uk alternative hip hop', 'uk hip hop']"
Mr Traumatik,"['bass house', 'grime', 'welsh hip hop']"
Octavian,"['afroswing', 'london rap', 'rap', 'uk alternative hip hop', 'uk hip hop']"
Nicki Minaj,"['dance pop', 'hip pop', 'pop', 'pop rap', 'post-teen pop', 'queens hip hop']"
upper class,['lo-fi house']
Megan Thee Stallion,"['houston rap', 'pop', 'pop rap', 'trap queen']"
Shakira,"['colombian pop', 'dance pop', 'latin', 'latin pop', 'pop']"
Florence + The Machine,"['art pop', 'baroque pop', 'pop', 'uk alternative pop']"
The Lumineers,"['folk-pop', 'modern rock', 'stomp and holler']"
Joey Purp,"['chicago rap', 'underground hip hop']"
John Newman,['pop']
Foster The People,"['indie pop', 'modern alternative rock', 'modern rock', 'rock']"
Zac Brown Band,"['contemporary country', 'country', 'country road', 'modern country rock']"
Tiny Meat Gang,"['meme rap', 'social media pop']"
Ibrahim,['lo-fi beats']
YG,"['cali rap', 'gangster rap', 'hip hop', 'pop rap', 'rap', 'southern hip hop', 'trap']"
Steady Cam,[]
Deeb,"['chillhop', 'jazz boom bap']"
Distant.Lo,[]
1-800-lost,[]
w00ds,"['lo-fi beats', 'lo-fi chill']"
.ihaveaface,"['chillhop', 'lo-fi beats']"
Just Big Hills,[]
MiscÃ©l,"['british soundtrack', 'soundtrack']"
Sampa the Great,"['australian hip hop', 'conscious hip hop', 'escape room', 'indie soul', 'zambian hip hop']"
bLAck pARty,"['alternative r&b', 'indie r&b', 'indie soul']"
Tee Grizzley,"['detroit hip hop', 'detroit trap', 'hip hop', 'pop rap', 'rap', 'southern hip hop', 'trap']"
Dave Sparkz,[]
mell-Ã¸,"['background music', 'background piano']"
Kalaido,"['japanese chillhop', 'lo-fi beats']"
PnB Rock,"['melodic rap', 'pop rap', 'rap', 'trap']"
Wale,"['dance pop', 'gangster rap', 'hip hop', 'pop', 'pop rap', 'r&b', 'rap', 'southern hip hop', 'trap', 'urban contemporary']"
Max Frost,"['austindie', 'indie pop', 'indie poptimism', 'indietronica', 'modern alternative rock', 'modern rock']"
Solomon Childs,"['hardcore hip hop', 'wu fam']"
YNW Melly,"['melodic rap', 'rap']"
blackbear,"['pop', 'pop rap']"
Otoboke Beaver,"['j-punk', 'japanese girl punk', 'japanese pop punk', 'japanese punk rock']"
Lil Pump,"['emo rap', 'miami hip hop', 'rap', 'trap']"
Offset,"['atl hip hop', 'hip hop', 'pop rap', 'rap', 'southern hip hop', 'trap']"
DaBaby,"['north carolina hip hop', 'rap']"
YBN Cordae,[]
88GLAM,"['canadian hip hop', 'melodic rap', 'rap', 'southern hip hop', 'toronto rap', 'trap', 'trap soul', 'underground hip hop', 'vapor trap']"
Lil Mosey,"['melodic rap', 'rap', 'rap conscient', 'vapor trap']"
Metro Boomin,"['hip hop', 'pop rap', 'rap', 'southern hip hop', 'trap', 'underground hip hop']"
2 Chainz,"['atl hip hop', 'gangster rap', 'hip hop', 'pop rap', 'rap', 'southern hip hop', 'trap']"
Quality Control,"['hip hop', 'melodic rap', 'pop rap', 'rap', 'southern hip hop', 'trap']"
Lil Tecca,"['melodic rap', 'rap', 'trap']"
Rich The Kid,"['atl hip hop', 'hip hop', 'melodic rap', 'pop rap', 'rap', 'southern hip hop', 'trap', 'vapor trap']"
Doomtree,"['abstract hip hop', 'minnesota hip hop', 'underground rap']"
Valencia,"['neon pop punk', 'philly indie', 'pop emo', 'pop punk']"
Vacation Manor,"['hopebeat', 'indie pop', 'indie poptimism', 'indietronica', 'modern rock']"
The Band CAMINO,"['electropop', 'hopebeat', 'indie pop', 'indie poptimism', 'indietronica', 'modern alternative rock', 'modern rock', 'pop', 'pop rock']"
Scattle,"['darksynth', 'video game music']"
American Authors,"['modern alternative rock', 'modern rock', 'pop', 'pop rock']"
Chris Brown,"['dance pop', 'pop', 'pop rap', 'r&b', 'rap']"
London On Da Track,['atl hip hop']
GASHI,"['pop rap', 'rap', 'trap soul']"
ILLENIUM,"['edm', 'electropop', 'melodic dubstep', 'pop', 'tropical house']"
Reaper,['aggrotech']
Jelani Aryeh,"['bedroom soul', 'indie r&b']"
SWMRS,"['indie pop', 'modern alternative rock', 'modern rock', 'oakland indie']"
JOBA,['bedroom soul']
Ashley O,[]
Blanco Brown,['country rap']
Mabel,"['dance pop', 'pop', 'post-teen pop', 'tropical house']"
My Brothers And I,"['indie cafe pop', 'indiecoustica']"
Social House,['pop rap']
The Head and the Heart,"['folk-pop', 'indie folk', 'new americana', 'seattle indie', 'stomp and holler']"
Aer,"['album rock', 'classic rock', 'hard rock', 'rock']"
Ansel Elgort,"['dance pop', 'pop', 'teen pop']"
Holy Mattress Money,[]
Judah & the Lion,"['banjo', 'folk-pop', 'indiecoustica', 'modern alternative rock', 'modern rock', 'pop rock', 'stomp and holler']"
LORYN,[]
John Mayer,"['neo mellow', 'pop', 'pop rock', 'singer-songwriter']"
Brett Eldredge,"['contemporary country', 'country', 'country road', 'modern country rock']"
George Ezra,"['folk-pop', 'neo-singer-songwriter', 'pop']"
Dillon Francis,"['big room', 'brostep', 'dance pop', 'edm', 'electro house', 'electronic trap', 'electropop', 'moombahton', 'pop', 'tropical house']"
Charlie Puth,"['dance pop', 'pop', 'post-teen pop', 'viral pop']"
Bryce Vine,"['pop', 'pop rap']"
New Order,"['art rock', 'dance rock', 'madchester', 'new romantic', 'new wave', 'new wave pop', 'permanent wave', 'post-punk', 'rock', 'synthpop', 'uk post-punk']"
Macklemore & Ryan Lewis,"['dance pop', 'pop', 'pop rap', 'seattle hip hop']"
Coldplay,"['permanent wave', 'pop']"
Sawyer Fredericks,"['folk-pop', 'ny roots']"
Francis and the Lights,['alternative r&b']
The Vamps,"['boy band', 'dance pop', 'pop', 'post-teen pop']"
harunemuri,"['escape room', 'hyperpop']"
Zico,"['k-pop', 'korean pop', 'korean r&b']"
Jonathan Parecki,"['otacore', 'scorecore']"
the pillows,['j-rock']
Cardi B,"['pop', 'pop rap', 'rap']"
Residente,['venezuelan hip hop']
TV Noise,"['big room', 'deep big room', 'dutch edm', 'electro house', 'sky room']"
Good Times Ahead,"['bass trap', 'brostep', 'edm', 'electro house', 'electronic trap', 'vapor twitch']"
What So Not,"['aussietronica', 'edm', 'electro house', 'electronic trap', 'escape room', 'indietronica', 'vapor soul', 'vapor twitch']"
Flosstradamus,"['bass trap', 'edm', 'electro house', 'electronic trap', 'mashup']"
Bro Safari,"['bass trap', 'brostep', 'edm', 'electro house', 'electronic trap', 'moombahton']"
J Balvin,"['latin', 'reggaeton', 'reggaeton colombiano']"
NGHTMRE,"['bass trap', 'brostep', 'edm', 'electro house', 'electronic trap']"
Party Favor,"['bass trap', 'edm', 'electro house', 'electronic trap']"
Snakehips,"['edm', 'electropop', 'pop', 'tropical house']"
Seven Lions,"['dubstep', 'edm', 'electro house', 'pop edm', 'progressive trance']"
Daya,"['dance pop', 'electropop', 'pop', 'post-teen pop', 'tropical house', 'viral pop']"
Disclosure,"['house', 'pop', 'tropical house', 'uk dance']"
ODESZA,"['chillwave', 'ninja']"
Skillet,"['alternative metal', 'christian alternative rock', 'christian music', 'christian rock']"
Anna Lunoe,"['electra', 'nu disco']"
Collarbones,['australian electropop']
Foreign Beggars,"['brostep', 'uk alternative hip hop', 'uk hip hop']"
Tove Styrke,"['dance pop', 'electropop', 'indie poptimism', 'swedish electropop', 'swedish pop', 'swedish synthpop']"
Viceroy,['nu disco']
Chamillionaire,"['dirty south rap', 'gangster rap', 'pop rap', 'rap', 'southern hip hop', 'trap']"
Bad Suns,"['indie pop', 'indie poptimism', 'indietronica', 'la indie', 'modern alternative rock', 'modern rock', 'pop rock']"
Smallpools,"['hopebeat', 'indie pop', 'indie poptimism', 'indietronica', 'la indie', 'la pop', 'metropopolis', 'modern alternative rock', 'modern rock', 'pop rock']"
RL Grime,"['bass trap', 'edm', 'electronic trap']"
Boombox Cartel,"['bass trap', 'edm', 'electro house', 'electronic trap', 'vapor twitch']"
LOUDPVCK,"['bass trap', 'electronic trap']"
Barns Courtney,"['modern alternative rock', 'modern rock', 'rock']"
Cold War Kids,"['indie pop', 'indie rock', 'modern alternative rock', 'modern rock', 'piano rock', 'pop rock', 'rock', 'stomp and holler']"
TLC,"['atl hip hop', 'dance pop', 'girl group', 'hip hop', 'hip pop', 'new jack swing', 'pop', 'pop rap', 'r&b', 'urban contemporary']"
Boyz II Men,"['boy band', 'new jack swing', 'pop', 'quiet storm', 'r&b', 'urban contemporary']"
Jay Sean,"['dance pop', 'pop', 'pop rap', 'post-teen pop', 'urban contemporary']"
DREAMERS,"['indie pop', 'indie poptimism', 'modern alternative rock', 'modern rock', 'rock']"
Keys N Krates,"['bass trap', 'edm', 'electronic trap', 'livetronica', 'vapor twitch']"
Louis The Child,"['edm', 'electropop', 'pop', 'tropical house']"
DVBBS,"['big room', 'canadian electronic', 'dance pop', 'deep big room', 'edm', 'electro house', 'pop edm', 'tropical house']"
Ty Dolla $ign,"['hip hop', 'pop', 'pop rap', 'r&b', 'southern hip hop', 'trap', 'trap soul']"
Ella Mai,"['deep pop r&b', 'pop', 'pop rap', 'r&b', 'rap', 'uk contemporary r&b', 'urban contemporary']"
Craig Xen,"['dark trap', 'emo rap', 'underground hip hop', 'vapor trap']"
dvsn,"['alternative r&b', 'canadian contemporary r&b', 'deep pop r&b', 'pop', 'r&b', 'trap soul', 'urban contemporary']"
Rick Ross,"['dirty south rap', 'gangster rap', 'hip hop', 'pop rap', 'rap', 'southern hip hop', 'trap']"
T-Pain,"['dance pop', 'hip hop', 'pop', 'pop rap', 'r&b', 'rap', 'southern hip hop', 'trap', 'urban contemporary']"
Donnie Trumpet & The Social Experiment,[]
The Unlikely Candidates,"['fort worth indie', 'indie poptimism', 'modern alternative rock', 'modern rock', 'pop rock', 'rock']"
SuperMegaCast,
Castle Super Beast,
YACHT,[]
Dump Him,['boston indie']
Destroy Boys,['oakland indie']
Skating Polly,"['indie punk', 'ok indie', 'okc indie', 'riot grrrl']"
Two Tongues,['emo']
Man Overboard,"['alternative emo', 'anthem emo', 'easycore', 'emo', 'melodic hardcore', 'neon pop punk', 'pop emo', 'pop punk']"
Hit The Lights,"['anthem emo', 'easycore', 'neon pop punk', 'pixie', 'pop emo', 'pop punk']"
Motion City Soundtrack,"['emo', 'modern rock', 'neon pop punk', 'pop punk']"
Four Year Strong,"['alternative emo', 'anthem emo', 'easycore', 'emo', 'neon pop punk', 'new england emo', 'pop punk', 'screamo', 'worcester ma indie']"
gianni & kyle,"['pop rap', 'sad rap']"
Vinyl Theatre,"['hopebeat', 'indie pop', 'indie poptimism', 'indie rockism', 'indietronica', 'modern alternative rock', 'modern rock', 'pop rock']"
lovelytheband,"['indie pop', 'indie poptimism', 'indietronica', 'modern alternative rock', 'modern rock', 'pop rock', 'rock']"
Family and Friends,"['folk-pop', 'indiecoustica', 'stomp and holler']"
Mt. Joy,"['indie folk', 'indie rock', 'modern rock', 'stomp and holler']"
Angel Olsen,"['alternative americana', 'art pop', 'electropop', 'freak folk', 'indie folk', 'indie pop', 'indie rock']"
Don Diablo,"['big room', 'deep big room', 'edm', 'electro house', 'future house', 'house', 'pop', 'pop edm', 'progressive electro house', 'tropical house']"
Lily James,"['hollywood', 'pop']"
Jon Hamm,['jazz fusion']
TOOL,"['alternative metal', 'alternative rock', 'art rock', 'nu metal', 'post-metal', 'progressive metal', 'progressive rock', 'rock']"
Pusha T,"['gangster rap', 'hip hop', 'pop rap', 'rap', 'southern hip hop', 'trap', 'underground hip hop', 'virginia hip hop']"
Chipmusic Heroes,[]
black midi,"['modern alternative rock', 'noise rock', 'uk noise rock', 'uk post-punk revival']"
Daphni,"['bass music', 'canadian house', 'deep house', 'electronica', 'float house', 'future garage', 'indie soul', 'microhouse', 'minimal techno', 'tech house']"
Cascade,"['adult standards', 'brill building pop', 'doo-wop']"
The Polar Boys,['miami indie']
Gaten Matarazzo,[]
Sapphire,['otacore']
Leisure Club,['vancouver indie']
The High Curbs,"['indie garage rock', 'socal indie']"
Manuel,"['colombian pop', 'latin', 'reggaeton', 'reggaeton colombiano', 'tropical']"
ã‚ªãƒ«ã‚´ãƒ¼ãƒ« ãƒŸãƒ‰ãƒª,
Vista Kicks,"['indie pop', 'la indie']"
Hall Johnson,['dallas indie']
Kid Bloom,"['indie garage rock', 'indie pop']"
King Guru,[]
Mitski,"['art pop', 'brooklyn indie', 'escape room', 'indie pop', 'indie rock']"
The Growlers,"['garage rock revival', 'indie garage rock', 'indie surf']"
Jurassic Shark,"['indie garage rock', 'surf punk']"
LAST ALLIANCE,"['j-rock', 'visual kei']"
THE ORAL CIGARETTES,"['j-pop', 'j-rock', 'japanese alternative rock', 'japanese indie rock']"
Colony House,"['indie cafe pop', 'indie pop', 'indie poptimism', 'indiecoustica', 'indietronica', 'modern alternative rock', 'modern rock', 'stomp and holler']"
The Clash,"['classic rock', 'dance rock', 'permanent wave', 'punk', 'rock']"
Approachable Members of Your Local Community,['australian alternative pop']
KNIFEY,[]
The Slaps,['indie garage rock']
Lime Cordiale,"['australian hip hop', 'australian indie', 'australian pop']"
"Sir, Please",['la indie']
Vansire,"['bedroom pop', 'indie garage rock', 'indie pop', 'rochester mn indie']"
Kingswood,"['australian hip hop', 'australian indie']"
Inner Wave,"['indie garage rock', 'indie pop']"
Black Kids,"['alternative dance', 'dance-punk', 'jacksonville indie', 'new rave']"
Surf Curse,"['indie garage rock', 'indie pop', 'indie surf', 'surf punk', 'vegas indie']"
Tino Drima,[]
Pish,"['gangster rap', 'hip hop', 'pop rap', 'rap', 'southern hip hop', 'trap', 'underground hip hop', 'virginia hip hop']"
Priceless Da Roc,[]
Lowertown,[]
Peach Fur,"['australian garage punk', 'australian reggae fusion']"
The Licks,['socal indie']
Cemetery Drive,"['dark trap', 'meme rap']"
Jack Stauber's Micropop,['indie pop']
Gold Revere,['iowa hip hop']
Rav,['meme rap']
Kill Bill: The Rapper,['meme rap']
Abhi The Nomad,"['desi hip hop', 'vapor soul']"
Requiem Inc.,[]
Post Animal,"['indie garage rock', 'neo-psychedelic']"
Aerosmith,"['album rock', 'classic rock', 'hard rock', 'rock']"
Nirvana,"['alternative rock', 'grunge', 'permanent wave', 'rock']"
Led Zeppelin,"['album rock', 'classic rock', 'hard rock', 'rock']"
The Doors,"['acid rock', 'album rock', 'classic rock', 'psychedelic rock', 'rock']"
Guns N' Roses,"['glam metal', 'hard rock', 'rock']"
Blood Orange,"['alternative r&b', 'art pop', 'chillwave', 'electropop', 'escape room', 'indie soul', 'indietronica', 'metropopolis']"
Movements,"['alternative emo', 'anthem emo', 'emo', 'midwest emo', 'pop punk', 'socal pop punk']"
Feed Me Jack,['math rock']
The Front Bottoms,"['alternative emo', 'emo', 'modern rock', 'new jersey indie', 'pop punk']"
Born Without Bones,"['alternative emo', 'anthem emo', 'new england emo']"
Dayglow,"['austindie', 'indie pop', 'modern rock']"
Waterparks,"['indie pop', 'modern rock', 'neon pop punk', 'pixie', 'pop punk', 'rock', 'texas pop punk']"
Bay Faction,['alternative emo']
Kurt Travis,['progressive post-hardcore']
Hail The Sun,"['progressive post-hardcore', 'swancore']"
The Obsessives,"['alternative emo', 'dc indie', 'indie punk', 'midwest emo']"
Hot Mulligan,"['alternative emo', 'anthem emo', 'emo', 'pop punk']"
Dance Gavin Dance,"['metalcore', 'pixie', 'pop punk', 'sacramento indie', 'screamo', 'swancore']"
John Floreani,['anthem emo']
Sleepy Dog,['pet calming']
Pet Symmetry,"['alternative emo', 'anthem emo', 'chicago indie', 'emo', 'indie punk', 'midwest emo']"
The Regrettes,"['indie pop', 'la indie']"
Duncan Fellows,['austindie']
Say Anything,"['dreamo', 'emo', 'modern rock', 'neon pop punk', 'pop punk', 'screamo']"
Single File,['neon pop punk']
Carousel Kings,"['anthem emo', 'easycore', 'pop punk']"
Taking Back Sunday,"['emo', 'pop punk']"
James Blake,"['art pop', 'indie r&b', 'indie soul', 'uk alternative pop']"
Ab-Soul,"['alternative hip hop', 'conscious hip hop', 'escape room', 'hip hop', 'rap', 'southern hip hop', 'underground hip hop']"
Takeover,[]
Dua Lipa,"['dance pop', 'pop', 'uk pop']"
Spree Wilson,['soul flow']
Sarah and the Sundays,['connecticut indie']
Chromeo,"['alternative dance', 'dance-punk', 'disco house', 'electropop', 'filter house', 'indietronica', 'new rave', 'nu disco']"
Flobots,"['comic', 'conscious hip hop']"
Bloodhound Gang,"['alternative metal', 'comic', 'funk metal', 'funk rock', 'nu metal', 'pop punk', 'punk', 'rap rock']"
NOEL,"['banda', 'deep regional mexican', 'grupera', 'latin hip hop', 'norteno', 'nuevo regional mexicano', 'regional mexican']"
Heroe,"['latin alternative', 'latin rock', 'musica aragonesa', 'rock en espanol', 'spanish rock']"
Maren Morris,"['contemporary country', 'pop', 'texas country']"
Moon Taxi,"['indie pop', 'indie poptimism', 'indietronica', 'modern alternative rock', 'modern rock', 'pop rock', 'stomp and holler']"
Dan Croll,['shimmer pop']
Saint Motel,"['indie pop', 'indie poptimism', 'indie rock', 'la indie', 'modern alternative rock', 'modern rock', 'rock']"
Geowulf,['modern dream pop']
STRFKR,"['alternative dance', 'chillwave', 'indie pop', 'indie rock', 'indietronica', 'modern rock', 'shimmer pop', 'vapor soul']"
Russ,"['hawaiian hip hop', 'pop', 'rap']"
Pod Save America,
Tilian,['progressive post-hardcore']
Mat Kerekes,"['alternative emo', 'anthem emo', 'emo', 'pop punk']"
Housecall,['dallas indie']
Free Nationals,"['alternative r&b', 'indie soul']"
The Deadly Syndrome,[]
Glass Animals,"['gauze pop', 'modern rock', 'shiver pop']"
Toro y Moi,"['alternative dance', 'chillwave', 'indie pop', 'indie soul', 'indietronica', 'new rave', 'nu gaze']"
Tierra Whack,"['alternative r&b', 'escape room']"
Kelela,"['afrofuturism', 'alternative r&b', 'art pop', 'dance pop', 'electropop', 'escape room', 'indie r&b', 'indie soul']"
Jon Hopkins,"['ambient', 'compositional ambient', 'electronica', 'intelligent dance music', 'post-rock']"
Bazzi,"['pop', 'post-teen pop']"
Yuno,"['gamecore', 'jacksonville indie']"
Yellow Days,['bedroom pop']
Rynx,[]
keshi,"['indie r&b', 'pop', 'sad rap']"
Kina,"['pop', 'sad rap']"
Pia Mia,"['dance pop', 'deep pop r&b', 'pop', 'post-teen pop', 'r&b', 'social media pop', 'urban contemporary']"
Vance Joy,"['folk-pop', 'modern rock', 'pop', 'pop rock']"
Seinabo Sey,"['swedish electropop', 'swedish pop', 'swedish soul']"
fun.,"['baroque pop', 'metropopolis', 'modern rock', 'pop', 'pop rock']"
Years & Years,"['dance pop', 'edm', 'gauze pop', 'pop', 'tropical house']"
Lana Del Rey,"['art pop', 'pop']"
Hozier,"['irish singer-songwriter', 'pop']"
Adele,"['british soul', 'pop', 'uk pop']"
Avril Lavigne,"['canadian pop', 'candy pop', 'dance pop', 'pop', 'post-teen pop']"
Jack Ãœ,['library music']
The Shins,"['albuquerque indie', 'alternative rock', 'indie folk', 'indie pop', 'indie rock', 'modern rock', 'portland indie', 'stomp and holler']"
Joel Adams,['australian pop']
Jauz,"['bass house', 'brostep', 'edm', 'electro house', 'electronic trap', 'house']"
MEMBA,"['bass trap', 'electronic trap', 'future bass', 'indian edm', 'traprun', 'vapor twitch']"
GRiZ,"['edm', 'electropop', 'jamtronica', 'jazztronica', 'livetronica']"
ZHU,['edm']
Zomboy,"['bass trap', 'brostep', 'complextro', 'dubstep', 'edm', 'electro house', 'electronic trap', 'filthstep', 'glitch']"
JOYRYDE,"['bass house', 'edm', 'electro house', 'electronic trap']"
TroyBoi,"['bass trap', 'edm', 'electronic trap', 'vapor twitch']"
Slushii,"['bass trap', 'brostep', 'edm', 'electro house', 'electronic trap', 'future bass', 'pop edm']"
Hermitude,"['australian dance', 'australian hip hop', 'downtempo', 'edm', 'escape room', 'indietronica']"
Big Gigantic,"['edm', 'electropop', 'indietronica']"
Ookay,"['dubstep', 'edm', 'electro house', 'electronic trap', 'pop edm', 'vapor twitch']"
Flux Pavilion,"['bass trap', 'brostep', 'classic dubstep', 'edm', 'electro house', 'electronic trap']"
Carnage,"['edm', 'electronic trap', 'pop rap', 'rap', 'southern hip hop', 'trap', 'underground hip hop']"
A-Trak,"['canadian electronic', 'edm', 'electro house', 'electronic trap', 'turntablism']"
Ekali,"['canadian electronic', 'edm', 'electro house', 'electronic trap', 'electropop', 'pop', 'pop edm', 'tropical house', 'vapor twitch']"
Borgore,"['bass trap', 'brostep', 'classic dubstep', 'dubstep', 'edm', 'electro house', 'electronic trap']"
Madison Mars,"['big room', 'deep big room', 'edm', 'electro house', 'house', 'pop edm', 'progressive electro house', 'progressive house', 'tropical house']"
graves,"['bass trap', 'electronic trap', 'future bass', 'pop edm', 'traprun', 'vapor twitch']"
SLUMBERJACK,"['australian hip hop', 'bass trap', 'electronic trap', 'vapor twitch']"
Zeds Dead,"['brostep', 'canadian electronic', 'dubstep', 'edm', 'electro house', 'electronic trap', 'progressive electro house']"
Excision,"['brostep', 'canadian electronic', 'edm', 'electro house', 'electronic trap']"
Just A Gent,"['aussietronica', 'bass trap', 'edm', 'electro house', 'electronic trap', 'future bass', 'indietronica', 'pop edm', 'vapor soul', 'vapor twitch']"
Space Jesus,['electronic trap']
Kaivon,"['bass trap', 'edm', 'electronic trap', 'future bass', 'pop edm', 'vapor twitch']"
DROELOE,"['bass trap', 'edm', 'electronic trap', 'electropop', 'future bass', 'pop edm', 'vapor soul', 'vapor twitch']"
Anevo,"['deep uplifting trance', 'gaming edm', 'pop edm']"
Jai Wolf,"['edm', 'electropop', 'indie poptimism', 'indietronica', 'pop edm', 'tropical house', 'vapor soul', 'vapor twitch']"
Marc E. Bassy,"['pop', 'pop rap', 'rap']"
Paul Haslinger,"['epicore', 'scorecore', 'soundtrack', 'video game music']"
Nox Arcana,"['dungeon synth', 'ethereal wave', 'medieval folk', 'neoclassical darkwave', 'rune folk']"
Lustmord,"['ambient industrial', 'british industrial', 'dark ambient', 'dark jazz', 'industrial', 'ritual ambient']"
Gustaf Hildebrand,"['dark ambient', 'dronescape']"
John Debney,"['classic soundtrack', 'scorecore', 'soundtrack']"
Atrium Carceri,"['dark jazz', 'dronescape', 'rune folk']"
Inade,"['ambient industrial', 'dark ambient', 'dronescape']"
Apocryphos,['dronescape']
Peter Gundry,"['medieval folk', 'rune folk']"
Russell Brower,"['scorecore', 'video game music']"
Desiderii Marginis,"['dark ambient', 'dark jazz', 'dronescape', 'dungeon synth', 'neoclassical darkwave', 'neofolk', 'rune folk']"
BONES,"['dark trap', 'emo rap', 'underground hip hop']"
Atticus Ross,"['british soundtrack', 'soundtrack']"
Arcana,"['dance pop', 'pop', 'post-teen pop']"
Sheer Mag,"['indie punk', 'indie rock', 'philly indie']"
Culture Abuse,"['alternative emo', 'emo', 'indie punk']"
Fiddlehead,"['alternative emo', 'boston indie', 'emo', 'indie punk', 'melodic hardcore', 'new england emo']"
Drug Church,"['alternative emo', 'indie punk', 'melodic hardcore']"
The Spirit of the Beehive,"['american shoegaze', 'garage psych', 'indie garage rock', 'indie punk', 'indie rock', 'lo-fi', 'noise pop', 'nu gaze', 'shoegaze']"
Pile,"['boston indie', 'boston rock', 'garage psych', 'indie punk', 'indie rock', 'post-hardcore']"
Guided By Voices,"['alternative pop', 'alternative rock', 'anti-folk', 'art rock', 'dance rock', 'e6fi', 'freak folk', 'garage psych', 'gbvfi', 'indie pop', 'indie punk', 'indie rock', 'lo-fi', 'modern power pop', 'noise pop', 'ohio indie', 'post-hardcore', 'power pop']"
Hovvdy,"['austindie', 'garage psych', 'indie rock', 'small room']"
Mannequin Pussy,"['indie punk', 'indie rock', 'modern power pop', 'riot grrrl']"
Nothing,"['emo rap', 'pop rap', 'sad rap', 'underground hip hop']"
Angel Du$t,"['alternative emo', 'indie punk']"
The Record Company,"['deep new americana', 'funk', 'la indie', 'modern alternative rock', 'modern blues', 'modern blues rock', 'rock']"
MASS OF THE FERMENTING DREGS,"['j-rock', 'japanese emo', 'japanese post-rock', 'japanese shoegaze']"
mouse on the keys,"['instrumental math rock', 'japanese jazz fusion', 'japanese post-rock', 'math pop', 'modern jazz trio']"
American Football,"['alternative emo', 'emo', 'indie rock', 'midwest emo']"
Covet,"['instrumental math rock', 'instrumental rock', 'math rock']"
YUNGBLUD,"['british indie rock', 'modern alternative rock', 'modern rock', 'rock']"
Machine Gun Kelly,"['ohio hip hop', 'pop rap', 'rap']"
Highly Suspect,"['modern alternative rock', 'modern rock', 'post-grunge', 'rock']"
Big Thief,"['art pop', 'brooklyn indie', 'chamber pop', 'freak folk', 'indie folk', 'indie pop', 'indie rock', 'small room', 'stomp and holler']"
S I M,[]
Harry Styles,"['pop', 'post-teen pop']"
Kammarheit,"['dark ambient', 'dronescape']"
Jessica Curry,"['epicore', 'indie game soundtrack', 'scorecore', 'soundtrack', 'video game music']"
Blood Box,"['dark ambient', 'dronescape']"
Musica Cthulhiana,"['dark ambient', 'dronescape']"
Erik Baron,[]
Letum,"['dark ambient', 'dronescape']"
Cities Last Broadcast,"['dark ambient', 'dronescape']"
Jason Tai,[]
Alexandre Desplat,"['french soundtrack', 'hollywood', 'soundtrack']"
Midnight Syndicate,"['medieval folk', 'neoclassical darkwave', 'video game music']"
Anthony Green,"['dreamo', 'emo', 'post-hardcore', 'progressive post-hardcore', 'screamo']"
Turnover,"['alternative emo', 'anthem emo', 'emo', 'indie rock']"
Oso Oso,"['alternative emo', 'anthem emo', 'emo', 'indie punk', 'indie rock', 'midwest emo']"
Tides Of Man,"['dreamo', 'progressive post-hardcore', 'tampa indie']"
Can't Swim,"['alternative emo', 'anthem emo', 'modern alternative rock', 'new jersey indie', 'pop punk', 'progressive post-hardcore']"
Speak Low If You Speak Love,"['anthem emo', 'pop punk']"
Lydia,"['dreamo', 'progressive post-hardcore']"
Michael Cera Palin,"['alternative emo', 'diy emo', 'indie punk', 'midwest emo']"
Citizen,['neo mellow']
Issues,"['nu-metalcore', 'post-screamo', 'trancecore']"
Push over,['progressive post-hardcore']
From First To Last,"['metalcore', 'pop punk', 'post-hardcore', 'screamo']"
I The Mighty,"['bay area indie', 'post-screamo', 'progressive post-hardcore', 'screamo']"
Makari,"['progressive post-hardcore', 'swancore']"
Polyenso,"['dreamo', 'progressive post-hardcore', 'st petersburg fl indie']"
Capstan,"['anthem emo', 'easycore', 'pop punk']"
J Boog,"['jawaiian', 'kaneka', 'polynesian pop']"
Big Time Rush,"['boy band', 'dance pop', 'pop', 'post-teen pop']"
Sabrina Claudio,"['alternative r&b', 'indie r&b', 'pop']"
aekasora,['japanese chillhop']
Cap Kendricks,"['chillhop', 'indie deutschrap', 'jazz boom bap']"
Malfa,[]
100 gecs,"['escape room', 'glitchcore']"
Women,"['dance-punk', 'experimental', 'experimental rock', 'freak folk', 'garage psych', 'indie rock', 'noise pop', 'noise rock', 'nu gaze', 'popgaze']"
LCD Soundsystem,"['alternative dance', 'alternative rock', 'dance-punk', 'electronic rock', 'electronica', 'indie pop', 'indie rock', 'indietronica', 'modern rock', 'new rave', 'rock']"
Gryffin,"['dance pop', 'edm', 'pop', 'tropical house']"
Sonic Youth,"['alternative rock', 'art rock', 'blues rock', 'indie rock', 'modern rock', 'new wave', 'noise pop', 'noise rock', 'post-punk', 'rock']"
Pixies,"['alternative rock', 'art rock', 'boston rock', 'modern rock', 'permanent wave', 'rock']"
Cautious Clay,"['alternative r&b', 'electropop', 'indie r&b', 'nyc pop', 'vapor soul']"
Y2K,['pop rap']
Matt and Kim,"['brooklyn indie', 'indie pop', 'indie rock', 'indietronica', 'modern alternative rock', 'modern rock', 'pop rock', 'shimmer pop', 'stomp and holler']"
Father John Misty,"['freak folk', 'indie folk', 'indie pop', 'indie rock', 'rock', 'stomp and holler']"
$NOT,"['dark trap', 'emo rap', 'florida rap', 'sad rap', 'underground hip hop', 'vapor trap']"
Show Me the Body,['noise punk']
Iglooghost,"['deconstructed club', 'escape room', 'future bass', 'glitchcore', 'hyperpop', 'wonky']"
clipping.,"['alternative hip hop', 'escape room', 'experimental hip hop', 'industrial hip hop']"
Bladee,"['emo rap', 'glitchcore', 'underground hip hop', 'vapor trap']"
Harmless,['indie garage rock']
Danny Brown,"['alternative hip hop', 'detroit hip hop', 'escape room', 'hip hop', 'rap', 'southern hip hop', 'underground hip hop']"
IDK,"['dmv rap', 'hip hop', 'rap', 'trap', 'underground hip hop']"
Alison Wonderland,"['aussietronica', 'edm', 'electra', 'electronic trap', 'escape room', 'indietronica']"
LissA,['indie electropop']
No Wyld,[]
Mazde,"['tropical house', 'vapor soul', 'vapor twitch']"
Medasin,"['edm', 'electropop', 'future bass', 'indietronica', 'vapor soul', 'vapor twitch']"
Lloyd,"['dance pop', 'deep pop r&b', 'hip pop', 'pop', 'pop rap', 'r&b', 'southern hip hop', 'trap', 'urban contemporary']"
Vegyn,"['escape room', 'experimental hip hop']"
Marc Anthony,"['latin', 'latin pop', 'modern salsa', 'salsa', 'tropical']"
Anuel AA,"['latin', 'reggaeton flow', 'trap latino']"
Enrique Iglesias,"['dance pop', 'latin', 'latin pop', 'mexican pop', 'pop', 'tropical']"
Myke Towers,['trap latino']
Pedro CapÃ³,"['latin', 'latin pop', 'puerto rican pop']"
Daddy Yankee,"['latin', 'latin hip hop', 'reggaeton', 'tropical']"
